"","UMAP_1","UMAP_2"
"CME25A7812760Aligned.sortedByCoord.out.bam",7.21524899986619,1.11988194456465
"CME25A7812757Aligned.sortedByCoord.out.bam",1.39368384865159,0.179797353056737
"CME25A7812759Aligned.sortedByCoord.out.bam",3.51548760918015,4.85573251715071
"CME25A7812758Aligned.sortedByCoord.out.bam",6.54127496269578,1.53825755586989
"CME25A7812761Aligned.sortedByCoord.out.bam",10.166694579395,-1.00176344642275
"CME25A7812756Aligned.sortedByCoord.out.bam",9.7287587502324,-2.24825040826433
"CME25A7812749Aligned.sortedByCoord.out.bam",7.19720738914841,1.47482295503981
"CME25A7812754Aligned.sortedByCoord.out.bam",4.97880881813401,0.831411676315137
"CME25A7812745Aligned.sortedByCoord.out.bam",6.56112378624314,1.7359667586363
"CME25A7812755Aligned.sortedByCoord.out.bam",7.14368909386033,1.09116108885176
"CME25A7812753Aligned.sortedByCoord.out.bam",10.0312480309331,-2.04356114396685
"CME25A7812750Aligned.sortedByCoord.out.bam",0.703846392902077,-0.586725993248156
"CME25A7812747Aligned.sortedByCoord.out.bam",10.136568961414,-1.9927301836931
"CME25A7812751Aligned.sortedByCoord.out.bam",10.3543252327763,-2.05132214555376
"CME25A7812752Aligned.sortedByCoord.out.bam",7.87465756920213,-1.1927829218828
"CME25A7812746Aligned.sortedByCoord.out.bam",10.2590464928471,-0.920614166351489
"CME25A7812744Aligned.sortedByCoord.out.bam",6.97189134147996,0.939855413345167
"CME25A7812742Aligned.sortedByCoord.out.bam",-0.800628545013725,3.61538966169722
"CME25A7812743Aligned.sortedByCoord.out.bam",7.0788678505742,1.26652355661757
"CME25A7812715Aligned.sortedByCoord.out.bam",1.77638023880357,-0.342431111427478
"CME25A7812741Aligned.sortedByCoord.out.bam",-0.556893052784264,3.55930574407942
"CME25A7812740Aligned.sortedByCoord.out.bam",7.1735944130742,1.10537190904982
"CME25A7812717Aligned.sortedByCoord.out.bam",0.911475358279884,-0.745559794994525
"CME25A7812739Aligned.sortedByCoord.out.bam",-1.09336039635307,3.2438751029051
"CME25A7812738Aligned.sortedByCoord.out.bam",-0.619325282303154,3.58542259207136
"CME25A7812737Aligned.sortedByCoord.out.bam",0.817644534381569,-0.637193782421282
"CME25A7812724Aligned.sortedByCoord.out.bam",0.915528950961769,-0.861096901985339
"CME25A7812734Aligned.sortedByCoord.out.bam",-0.62145734044677,3.65554030409224
"CME25A7812732Aligned.sortedByCoord.out.bam",-1.09141123506194,3.33092577925093
"CME25A7812736Aligned.sortedByCoord.out.bam",10.2345675804936,-2.20894615182512
"CME25A7812730Aligned.sortedByCoord.out.bam",-0.606763245788872,3.63128645887739
"CME25A7812735Aligned.sortedByCoord.out.bam",9.67590516594285,-2.31128422746294
"CME25A7812729Aligned.sortedByCoord.out.bam",9.61887162712449,-2.25231091508501
"CME25A7812731Aligned.sortedByCoord.out.bam",7.64782422569627,0.593151228336164
"CME25A7812733Aligned.sortedByCoord.out.bam",6.9529265740239,2.01992900839216
"CME25A7812727Aligned.sortedByCoord.out.bam",8.18398946312302,0.743212180045911
"CME25A7812725Aligned.sortedByCoord.out.bam",7.65255349663132,1.53328652849562
"CME25A7812728Aligned.sortedByCoord.out.bam",7.31214040306443,2.31424959173567
"CME25A7812716Aligned.sortedByCoord.out.bam",7.58809178856248,1.4054255055464
"CME25A7812722Aligned.sortedByCoord.out.bam",7.09405606773728,2.32690842619307
"CME25A7812723Aligned.sortedByCoord.out.bam",2.52931111839646,4.50571783056624
"CME25A7812714Aligned.sortedByCoord.out.bam",7.48468392876023,1.37180300226576
"CME25A7812718Aligned.sortedByCoord.out.bam",7.23200982597703,2.55919630995161
"CME25A7812720Aligned.sortedByCoord.out.bam",0.890233216556251,0.597186224368879
"CME25A7812721Aligned.sortedByCoord.out.bam",-1.1241919121421,3.09173090925581
"CME25A7812710Aligned.sortedByCoord.out.bam",1.57613938835496,3.84587820043928
"CME25A7812719Aligned.sortedByCoord.out.bam",-1.11047220441467,3.13640959730513
"CME25A7812713Aligned.sortedByCoord.out.bam",-1.08817976924545,3.304432229904
"CME25A7812712Aligned.sortedByCoord.out.bam",0.682616648944557,4.95621116629011
"CME25A7812709Aligned.sortedByCoord.out.bam",2.45269340065354,4.43642051687605
"CME25A7812711Aligned.sortedByCoord.out.bam",7.15813535240525,2.58928688040144
"CME25A7812707Aligned.sortedByCoord.out.bam",0.903704104694069,4.65157707205183
"CME25A7812705Aligned.sortedByCoord.out.bam",0.913749394687355,4.77688701620466
"CME25A7812706Aligned.sortedByCoord.out.bam",1.19327085998887,1.92814023962385
"CME25A7812708Aligned.sortedByCoord.out.bam",8.09164231804246,-1.28057627210253
"CME25A7812699Aligned.sortedByCoord.out.bam",7.5151357033574,2.54415400495894
"CME25A7812701Aligned.sortedByCoord.out.bam",7.2421283104741,1.54889626970656
"CME25A7812703Aligned.sortedByCoord.out.bam",6.50087350395554,1.61598654261
"CME25A7812704Aligned.sortedByCoord.out.bam",10.2743510582768,-2.67382137307756
"CME25A7812679Aligned.sortedByCoord.out.bam",9.65680783775681,-2.6451298428499
"CME25A7812677Aligned.sortedByCoord.out.bam",8.86151498344773,1.80577655306227
"CME25A7812678Aligned.sortedByCoord.out.bam",3.37465661552781,-0.0280646180533683
"CME25A7812671Aligned.sortedByCoord.out.bam",3.76991933372849,-0.206122188063792
"CME25A7812675Aligned.sortedByCoord.out.bam",9.37058251884812,-2.9365174008333
"CME25A7812674Aligned.sortedByCoord.out.bam",9.26671784904832,-2.85216037759416
"CME25A7812670Aligned.sortedByCoord.out.bam",3.84356635597581,-0.119255794378451
"CME25A7812669Aligned.sortedByCoord.out.bam",4.00144713905686,-0.173570288511447
"CME25A7799646Aligned.sortedByCoord.out.bam",3.94676297691697,-0.216935156079463
"CME25A7812668Aligned.sortedByCoord.out.bam",-0.772973599163353,-16.8995851708376
"CME25A7812667Aligned.sortedByCoord.out.bam",-0.828791918484032,-16.9529203606569
"CME25A7799647Aligned.sortedByCoord.out.bam",3.81139033821458,-0.021210216152004
"CME25A7799648Aligned.sortedByCoord.out.bam",3.64853995827073,-0.169546438547305
"CME25A7812666Aligned.sortedByCoord.out.bam",-0.693168701855003,-16.8103822899782
"CME25A7799643Aligned.sortedByCoord.out.bam",9.38415521171921,-2.66683022508257
"CME25A7799629Aligned.sortedByCoord.out.bam",3.4341859200322,0.780444817451307
"CME25A7799645Aligned.sortedByCoord.out.bam",8.52958196190232,2.21747477522261
"CME25A7799639Aligned.sortedByCoord.out.bam",3.95062821892136,-0.134104250165156
"CME25A7799644Aligned.sortedByCoord.out.bam",10.4755887368047,-3.09088007936113
"CME25A7799641Aligned.sortedByCoord.out.bam",8.93625062492722,0.0191317813671315
"CME25A7799642Aligned.sortedByCoord.out.bam",-1.02204644891387,-17.1669000817262
"CME25A7799636Aligned.sortedByCoord.out.bam",3.55487054375047,-0.159483356567553
"CME25A7799640Aligned.sortedByCoord.out.bam",4.42495149162644,4.45168931951887
"CME25A7799637Aligned.sortedByCoord.out.bam",3.91189425972337,0.860750214961835
"CME25A7799638Aligned.sortedByCoord.out.bam",7.91603845146531,-1.34846679696672
"CME25A7799635Aligned.sortedByCoord.out.bam",-0.949137153354942,-17.0416826439821
"CME25A7799632Aligned.sortedByCoord.out.bam",-0.704662384716332,-16.8178018761598
"CME25A7799633Aligned.sortedByCoord.out.bam",3.99830001381272,0.199677096513578
"CME25A7799631Aligned.sortedByCoord.out.bam",-0.772355379787743,-16.8670419884645
"CME25A7799634Aligned.sortedByCoord.out.bam",4.24017041710252,0.48660801520712
"CME25A7799626Aligned.sortedByCoord.out.bam",-0.885049702850639,-17.1056780053102
"CME25A7799628Aligned.sortedByCoord.out.bam",9.08354371574753,1.32841427793867
"CME25A7799625Aligned.sortedByCoord.out.bam",8.97815698173875,0.303739236501523
"CME25A7799622Aligned.sortedByCoord.out.bam",1.30402868774766,4.22454412451155
"CME25A7799623Aligned.sortedByCoord.out.bam",7.72465795067185,0.54999508133299
"CME25A7799615Aligned.sortedByCoord.out.bam",9.07300561455125,-2.03826491365068
"CME25A7799614Aligned.sortedByCoord.out.bam",5.17992108848923,1.25305004587538
"CME25A7799616Aligned.sortedByCoord.out.bam",7.94451421287888,-1.20468394288652
"CME25A7799618Aligned.sortedByCoord.out.bam",5.17412990120286,2.60581596365339
"CME25A7799612Aligned.sortedByCoord.out.bam",4.74634545830125,3.35812409391768
"CME25A7799605Aligned.sortedByCoord.out.bam",9.34656613853806,0.309935288337537
"CME25A7799606Aligned.sortedByCoord.out.bam",5.07032245186204,0.595800177959272
"CME25A7799611Aligned.sortedByCoord.out.bam",10.6724719384038,-3.07448117265337
"CME25A7799603Aligned.sortedByCoord.out.bam",4.86775105980271,1.59478195181257
"CME25A7799604Aligned.sortedByCoord.out.bam",4.79217427757615,1.84031315317518
"CME25A7799608Aligned.sortedByCoord.out.bam",4.09258502510423,1.84083064070112
"CME25A7799610Aligned.sortedByCoord.out.bam",10.5774831154668,-3.06091467866533
"CME25A7799609Aligned.sortedByCoord.out.bam",3.30500882652634,5.26658685675032
"CME25A7799598Aligned.sortedByCoord.out.bam",6.33901589897507,2.7188142108
"CME25A7799602Aligned.sortedByCoord.out.bam",4.26959222343797,0.95206822624571
"CME25A7799601Aligned.sortedByCoord.out.bam",5.98700469520921,2.27141697874434
"CME25A7799590Aligned.sortedByCoord.out.bam",0.871821103366554,4.85979707708723
"CME25A7799600Aligned.sortedByCoord.out.bam",4.58783238914841,1.96856041422255
"CME25A7799599Aligned.sortedByCoord.out.bam",8.38908666160935,0.339055793193647
"CME25A7799597Aligned.sortedByCoord.out.bam",6.34913104561204,2.6531506346739
"CME25A7799594Aligned.sortedByCoord.out.bam",-1.02987563821441,2.98020608892805
"CME25A7799591Aligned.sortedByCoord.out.bam",4.69043200996751,2.59192355146773
"CME25A7799588Aligned.sortedByCoord.out.bam",4.58284610298508,2.58727891912825
"CME25A7799592Aligned.sortedByCoord.out.bam",5.88597100761765,2.39766915312178
"CME25A7799593Aligned.sortedByCoord.out.bam",3.75401872185105,1.51296766271956
"CME25A7799584Aligned.sortedByCoord.out.bam",-0.812297823158562,2.81381638517744
"CME25A7799589Aligned.sortedByCoord.out.bam",5.03146308449143,1.17348082533247
"CME25A7799580Aligned.sortedByCoord.out.bam",6.15857213524216,1.48342676630385
"CME25A7799583Aligned.sortedByCoord.out.bam",-0.862295629707634,2.78890736570723
"CME25A7799582Aligned.sortedByCoord.out.bam",3.87013762977952,0.808277206329175
"CME25A7799585Aligned.sortedByCoord.out.bam",5.21437305000657,1.01248736849196
"CME25A7799581Aligned.sortedByCoord.out.bam",5.21988671806687,2.02543647756941
"CME25A7799586Aligned.sortedByCoord.out.bam",10.679428992542,-2.77964322099321
"CME25A7799579Aligned.sortedByCoord.out.bam",6.02094501045579,1.78963680734999
"CME25A7799573Aligned.sortedByCoord.out.bam",5.33905452278489,1.0338058041609
"CME25A7799577Aligned.sortedByCoord.out.bam",8.23019879845017,-0.195564029904536
"CME25A7799578Aligned.sortedByCoord.out.bam",4.2378820755803,1.78275318613417
"CME25A7799571Aligned.sortedByCoord.out.bam",6.01674169090623,2.70297010412581
"CME25A7799574Aligned.sortedByCoord.out.bam",5.47590058830613,1.20261986723311
"CME25A7799575Aligned.sortedByCoord.out.bam",9.29804795769089,-2.58703033456438
"CME25A7799570Aligned.sortedByCoord.out.bam",5.64022296455735,1.35576518049605
"CME25A7799560Aligned.sortedByCoord.out.bam",6.0279793122136,2.57909210195906
"CME25A7799572Aligned.sortedByCoord.out.bam",7.90324586418504,-1.15567295083635
"CME25A7799569Aligned.sortedByCoord.out.bam",5.03291648414964,1.1499026583708
"CME25A7799567Aligned.sortedByCoord.out.bam",4.96453898933762,3.25588186254866
"CME25A7799568Aligned.sortedByCoord.out.bam",5.36880916145676,1.8295114802397
"CME25A7799566Aligned.sortedByCoord.out.bam",4.26335805443162,0.424518482593366
"CME25A7799565Aligned.sortedByCoord.out.bam",5.34107631233567,2.7713831233061
"CME25A7799564Aligned.sortedByCoord.out.bam",10.829575476917,-2.78556410798662
"CME25A7799559Aligned.sortedByCoord.out.bam",5.3555054047429,1.08130236139662
"CME25A7799562Aligned.sortedByCoord.out.bam",4.03621190574998,3.60908730497725
"CME25A7799561Aligned.sortedByCoord.out.bam",4.07308572319382,0.502716259864637
"CME25A7796092Aligned.sortedByCoord.out.bam",9.58452600029343,0.401001440194913
"CME25A7799557Aligned.sortedByCoord.out.bam",5.59150880363816,2.18568761816389
"CME25A7799555Aligned.sortedByCoord.out.bam",-0.466200413433373,2.68451459875471
"CME25A7796088Aligned.sortedByCoord.out.bam",4.56313746956223,1.01907272806532
"CME25A7796084Aligned.sortedByCoord.out.bam",8.78763288048142,0.063813054767915
"CME25A7796087Aligned.sortedByCoord.out.bam",8.84392827537888,0.216562257913419
"CME25A7796089Aligned.sortedByCoord.out.bam",8.21540540245408,-1.4523922635042
"CME25A7796086Aligned.sortedByCoord.out.bam",5.32230847862595,1.05718298426039
"CME25A7796081Aligned.sortedByCoord.out.bam",9.12118333366746,-2.24150292405718
"CME25A7796079Aligned.sortedByCoord.out.bam",8.03259557274216,0.664190964607068
"CME25A7796083Aligned.sortedByCoord.out.bam",5.04228681114548,2.69413621893294
"CME25A7796082Aligned.sortedByCoord.out.bam",7.81049436119431,-1.18202213773363
"CME25A7796080Aligned.sortedByCoord.out.bam",9.107048926624,-2.43237487802141
"CME25A7796085Aligned.sortedByCoord.out.bam",9.14140409019822,0.380309836772748
"CME25A7796076Aligned.sortedByCoord.out.bam",6.38876336601609,1.90616651049025
"CME25A7796078Aligned.sortedByCoord.out.bam",8.99093717125291,-0.0426064898990905
"CME25A7796075Aligned.sortedByCoord.out.bam",7.9650058129155,-1.15964583882921
"CME25A7796077Aligned.sortedByCoord.out.bam",8.94963830498093,0.488648073581525
"CME25A7796074Aligned.sortedByCoord.out.bam",7.78907006767625,-1.09365407952898
"CME25A7796071Aligned.sortedByCoord.out.bam",8.31146997002,-0.988469524475268
"CME25A7796072Aligned.sortedByCoord.out.bam",7.27821343925828,2.817451553253
"CME25A7796066Aligned.sortedByCoord.out.bam",4.77185910728806,1.95243723860151
"CME25A7796067Aligned.sortedByCoord.out.bam",9.38667291191453,0.206281678584882
"CME25A7796068Aligned.sortedByCoord.out.bam",10.0423936226689,-2.51688806542986
"CME25A7796069Aligned.sortedByCoord.out.bam",7.67317098167771,2.6754267977751
"CME25A7796065Aligned.sortedByCoord.out.bam",8.71153157738084,0.174499543217489
"CME25A7796059Aligned.sortedByCoord.out.bam",9.43825143364304,0.27375470271475
"CME25A7796062Aligned.sortedByCoord.out.bam",9.29200929191941,0.541436569598981
"CME25A7796064Aligned.sortedByCoord.out.bam",8.47500985649461,0.25628142228491
"CME25A7796058Aligned.sortedByCoord.out.bam",10.2066048958623,-2.65354434976213
"CME25A7796063Aligned.sortedByCoord.out.bam",9.36124413994187,0.230481745508977
"CME25A7796056Aligned.sortedByCoord.out.bam",6.26557057884568,1.8207646178282
"CME25A7796061Aligned.sortedByCoord.out.bam",9.03518765953416,0.810970322994062
"CME25A7796049Aligned.sortedByCoord.out.bam",4.96314185646409,1.37869472971327
"CME25A7796048Aligned.sortedByCoord.out.bam",-0.832597734657585,-17.0461668206178
"CME25A7796043Aligned.sortedByCoord.out.bam",-0.939245285717308,-17.089238567444
"CME25A7796044Aligned.sortedByCoord.out.bam",-1.00745469543105,-17.1603845787966
"CME25A7796046Aligned.sortedByCoord.out.bam",-0.965835215774834,-17.1121668053591
"CME25A7796047Aligned.sortedByCoord.out.bam",-1.01431912395126,-17.1797136498415
"CME25A7796042Aligned.sortedByCoord.out.bam",-0.978155078617394,-17.1361459923708
"CME25A7796039Aligned.sortedByCoord.out.bam",-1.06207621308929,-17.2254995537721
"CME25A7796045Aligned.sortedByCoord.out.bam",-0.355680288997948,-9.92320005426043
"CME25A7796038Aligned.sortedByCoord.out.bam",-0.400809588161766,-9.93078081140154
"CME25A7796036Aligned.sortedByCoord.out.bam",-0.394799771038353,-9.89047281274431
"CME25A7796041Aligned.sortedByCoord.out.bam",-0.420389713970482,-9.89994756707781
"CME25A7796040Aligned.sortedByCoord.out.bam",-0.300459804264366,-9.89087526330584
"CME25A7796037Aligned.sortedByCoord.out.bam",-0.128678264347374,-10.1494983864748
"CME25A7796034Aligned.sortedByCoord.out.bam",-0.208188237873375,-10.0720781517946
"CME25A7796032Aligned.sortedByCoord.out.bam",-0.287254276005089,-9.99621049890154
"CME25A7796035Aligned.sortedByCoord.out.bam",-0.237842859951317,-10.0498069954836
"CME25A7796031Aligned.sortedByCoord.out.bam",-0.147792281833946,-10.1466411782228
"CME25A7796030Aligned.sortedByCoord.out.bam",-0.229900898662865,-9.83377687463396
"CME25A7796033Aligned.sortedByCoord.out.bam",-0.0617734810984727,-10.2233547402345
"CME25A7796029Aligned.sortedByCoord.out.bam",-0.179323615757286,-10.1278232766115
"CME25A7796028Aligned.sortedByCoord.out.bam",-0.294076504436791,-10.0232929421388
"CME25A7796024Aligned.sortedByCoord.out.bam",-0.231979670254051,-10.0629810524904
"CME25A7796026Aligned.sortedByCoord.out.bam",-10.1238089224971,-12.6584581566774
"CME25A7796021Aligned.sortedByCoord.out.bam",-9.92326075050002,-13.1215385628664
"CME25A7796023Aligned.sortedByCoord.out.bam",-10.377476753918,-13.1612552834474
"CME25A7796025Aligned.sortedByCoord.out.bam",-10.6432829520381,-12.6118673516237
"CME25A7796027Aligned.sortedByCoord.out.bam",-9.86885458442336,-13.0983022881471
"CME25A7796020Aligned.sortedByCoord.out.bam",-10.823350014416,-12.601391239258
"CME25A7796018Aligned.sortedByCoord.out.bam",-9.68137365790969,-12.7401069832765
"CME25A7796022Aligned.sortedByCoord.out.bam",-9.74738127204543,-13.1741232109987
"CME25A7796019Aligned.sortedByCoord.out.bam",-10.7934942862666,-12.7008260918581
"CME25A7796017Aligned.sortedByCoord.out.bam",-10.330261292187,-12.8158621026003
"CME25A7796016Aligned.sortedByCoord.out.bam",-9.90900236579543,-13.3314785195314
"CME25A7796015Aligned.sortedByCoord.out.bam",-9.89961153480178,-12.9261383248293
"CME25A7796010Aligned.sortedByCoord.out.bam",-9.86719328376418,-13.0625461770021
"CME25A7796014Aligned.sortedByCoord.out.bam",-9.72432905646926,-13.0474437905275
"CME25A7796013Aligned.sortedByCoord.out.bam",-9.67923075172073,-13.2373012734377
"CME25A7796008Aligned.sortedByCoord.out.bam",-10.0294819495357,-13.213976307007
"CME25A7796012Aligned.sortedByCoord.out.bam",-10.0572920462764,-12.9929775429689
"CME25A7796002Aligned.sortedByCoord.out.bam",-10.1630983969844,-12.8114685250246
"CME25A7796003Aligned.sortedByCoord.out.bam",-10.5085335395015,-13.0620283318483
"CME25A7796004Aligned.sortedByCoord.out.bam",-10.411921562878,-12.8605484200441
"CME25A7796006Aligned.sortedByCoord.out.bam",-9.743612351147,-12.8229459954225
"CME25A7796005Aligned.sortedByCoord.out.bam",-9.69138533088332,-12.9493107033693
"CME25A7796009Aligned.sortedByCoord.out.bam",-11.4947996756709,-13.015996379944
"CME25A7796011Aligned.sortedByCoord.out.bam",-11.5598784110225,-13.0310377312624
"CME25A7796007Aligned.sortedByCoord.out.bam",-11.5530396124995,-12.9795021248781
"CME25A7796000Aligned.sortedByCoord.out.bam",-11.3399143836177,-12.8655313683473
"CME25A7795998Aligned.sortedByCoord.out.bam",-11.3785124442256,-12.885646267029
"CME25A7796001Aligned.sortedByCoord.out.bam",-11.2057800910152,-13.077335758301
"CME25A7795997Aligned.sortedByCoord.out.bam",-11.45415502998,-13.114101810547
"CME25A7795996Aligned.sortedByCoord.out.bam",-11.5140133521236,-12.8225759697878
"CME25A7795999Aligned.sortedByCoord.out.bam",-11.4523153922237,-13.0052160454714
"CME25A7795993Aligned.sortedByCoord.out.bam",-11.5758677146114,-13.0276703072511
"CME25A7795992Aligned.sortedByCoord.out.bam",-10.6856470725215,-12.4920772744142
"CME25A7795991Aligned.sortedByCoord.out.bam",-10.4630747458614,-12.5857509804689
"CME25A7795994Aligned.sortedByCoord.out.bam",-9.81521517249709,-12.6923364830934
"CME25A7795995Aligned.sortedByCoord.out.bam",-10.5480995795406,-12.7638525200807
"CME25A7795988Aligned.sortedByCoord.out.bam",-9.68145853492385,-12.894206447693
"CME25A7795987Aligned.sortedByCoord.out.bam",-10.3566666266597,-12.9161733818971
"CME25A7795989Aligned.sortedByCoord.out.bam",-10.9427567145503,-12.8608326149904
"CME25A7795990Aligned.sortedByCoord.out.bam",-10.7633972785152,-12.5789436531984
"CME25A7795986Aligned.sortedByCoord.out.bam",-9.50052648994094,-12.6710724068605
"CME25A7795983Aligned.sortedByCoord.out.bam",-9.6160841605342,-12.8045772744142
"CME25A7795985Aligned.sortedByCoord.out.bam",-9.50918299171096,-12.7468980980837
"CME25A7795984Aligned.sortedByCoord.out.bam",-10.6681099555171,-12.5537428093874
"CME25A7795981Aligned.sortedByCoord.out.bam",-10.6325264594234,-12.9854416085207
"CME25A7795982Aligned.sortedByCoord.out.bam",-10.6088143012202,-13.1302131844484
"CME25A7795979Aligned.sortedByCoord.out.bam",-10.5196219107783,-12.8378328515016
"CME25A7795980Aligned.sortedByCoord.out.bam",-10.4738121649898,-12.9751381112062
"CME25A7795975Aligned.sortedByCoord.out.bam",-9.58685785743362,-13.1044525338136
"CME25A7795974Aligned.sortedByCoord.out.bam",-10.8243961951411,-13.0036577416384
"CME25A7795976Aligned.sortedByCoord.out.bam",-9.82474237891799,-12.6801780892336
"CME25A7795977Aligned.sortedByCoord.out.bam",-10.5417996070064,-12.9505151940309
"CME25A7795978Aligned.sortedByCoord.out.bam",-9.78221136542922,-13.1174701882326
"CME25A7795972Aligned.sortedByCoord.out.bam",-8.69150263282424,-11.821606083008
"CME25A7795971Aligned.sortedByCoord.out.bam",-8.88312393638259,-11.8518490029299
"CME25A7795968Aligned.sortedByCoord.out.bam",-7.887176098553,-11.4064726067507
"CME25A7795973Aligned.sortedByCoord.out.bam",-8.12720257255203,-11.3986057473146
"CME25A7795969Aligned.sortedByCoord.out.bam",-7.88608700248367,-11.2426304055177
"CME25A7795967Aligned.sortedByCoord.out.bam",-8.63805872413284,-11.6646045876467
"CME25A7795966Aligned.sortedByCoord.out.bam",-8.51434332343704,-10.9743694497072
"CME25A7795970Aligned.sortedByCoord.out.bam",-8.15477091285354,-10.7879671288454
"CME25A7795965Aligned.sortedByCoord.out.bam",-8.62751442405349,-11.7181896401369
"CME25A7795963Aligned.sortedByCoord.out.bam",-8.07912260505325,-11.6441683007204
"CME25A7795962Aligned.sortedByCoord.out.bam",-8.24398476096755,-11.5609220696413
"CME25A7795964Aligned.sortedByCoord.out.bam",-8.18557268592483,-11.471885128113
"CME25A7795960Aligned.sortedByCoord.out.bam",-7.894735398022,-11.501893444153
"CME25A7795957Aligned.sortedByCoord.out.bam",-8.26789432975417,-11.0472397042238
"CME25A7795958Aligned.sortedByCoord.out.bam",-8.12260395499831,-11.4176372719728
"CME25A7795959Aligned.sortedByCoord.out.bam",-8.0054360053218,-11.4420952034914
"CME25A7795961Aligned.sortedByCoord.out.bam",-8.17153650733596,-10.8257068825685
"CME25A7795956Aligned.sortedByCoord.out.bam",-8.20146709891921,-11.601599140259
"CME25A7795955Aligned.sortedByCoord.out.bam",-8.2479167601741,-11.2931856347048
"CME25A7795953Aligned.sortedByCoord.out.bam",-8.69570833655959,-11.6549944115602
"CME25A7795954Aligned.sortedByCoord.out.bam",-8.62427288505203,-11.4249824715578
"CME25A7795950Aligned.sortedByCoord.out.bam",-8.15038734885818,-10.9919599724733
"CME25A7795951Aligned.sortedByCoord.out.bam",-8.78065544578201,-11.7820467186891
"CME25A7795952Aligned.sortedByCoord.out.bam",-8.69866234275466,-11.2181619835817
"CME25A7795949Aligned.sortedByCoord.out.bam",-8.56091839286453,-11.1891864968263
"CME25A7795948Aligned.sortedByCoord.out.bam",-8.97698027106887,-11.9898494912111
"CME25A7795946Aligned.sortedByCoord.out.bam",-8.46858364555007,-10.6695179177248
"CME25A7795945Aligned.sortedByCoord.out.bam",-8.5750332495845,-10.884895725342
"CME25A7795941Aligned.sortedByCoord.out.bam",-8.42805868598586,-10.8028368187868
"CME25A7795944Aligned.sortedByCoord.out.bam",-8.24143463584548,-10.6154016686403
"CME25A7795940Aligned.sortedByCoord.out.bam",-8.77554756614333,-11.6292738152468
"CME25A7795947Aligned.sortedByCoord.out.bam",-8.34281021567947,-10.7020820809328
"CME25A7795942Aligned.sortedByCoord.out.bam",-8.02105957481033,-10.8465255928957
"CME25A7795939Aligned.sortedByCoord.out.bam",-7.98539978477126,-11.2904695702516
"CME25A7795943Aligned.sortedByCoord.out.bam",-8.72621494742996,-11.5606912804567
"CME25A7795937Aligned.sortedByCoord.out.bam",-8.36796766730911,-11.1479496193849
"CME25A7795936Aligned.sortedByCoord.out.bam",-8.16544205161697,-10.6857790184938
"CME25A7795938Aligned.sortedByCoord.out.bam",-8.1159907004512,-11.148190898987
"CME25A7795932Aligned.sortedByCoord.out.bam",-8.67640644523269,-11.5146021080934
"CME25A7795934Aligned.sortedByCoord.out.bam",-8.78187900992996,-11.8362459374391
"CME25A7795933Aligned.sortedByCoord.out.bam",-7.90990072700149,-11.4730629158937
"CME25A7795935Aligned.sortedByCoord.out.bam",-8.36040359946853,-10.6622261239015
"CME25A7795931Aligned.sortedByCoord.out.bam",-14.0921612403072,3.16095049848921
"CME25A7795930Aligned.sortedByCoord.out.bam",-10.2867556235469,3.8657241629637
"CME25A7795928Aligned.sortedByCoord.out.bam",-13.7694407126582,3.094471292404
"CME25A7795929Aligned.sortedByCoord.out.bam",-13.8781595847285,3.26428397169478
"CME25A7795922Aligned.sortedByCoord.out.bam",-14.0629320761836,3.42233856192
"CME25A7795925Aligned.sortedByCoord.out.bam",-14.1112652442134,2.90458257665999
"CME25A7795923Aligned.sortedByCoord.out.bam",-13.438511910168,3.3493860529936
"CME25A7795927Aligned.sortedByCoord.out.bam",-14.1848040244258,2.76415403356917
"CME25A7795926Aligned.sortedByCoord.out.bam",-13.9165678641475,3.20693333616621
"CME25A7795924Aligned.sortedByCoord.out.bam",-9.59506517860061,3.76740463247664
"CME25A7795920Aligned.sortedByCoord.out.bam",-13.988051476208,3.40305812826521
"CME25A7795918Aligned.sortedByCoord.out.bam",-14.3085051200069,3.21779520979292
"CME25A7795917Aligned.sortedByCoord.out.bam",-13.9261246344722,2.9757607745207
"CME25A7795921Aligned.sortedByCoord.out.bam",-9.93374639960891,3.72625000944502
"CME25A7795919Aligned.sortedByCoord.out.bam",-13.6519070288814,3.43071039190657
"CME25A7795915Aligned.sortedByCoord.out.bam",-9.7111302039302,3.82386382093794
"CME25A7795916Aligned.sortedByCoord.out.bam",-10.0493775031245,3.82560642233259
"CME25A7795910Aligned.sortedByCoord.out.bam",-14.0613051077998,3.06738956442244
"CME25A7795912Aligned.sortedByCoord.out.bam",-14.1762247702754,3.2480049895323
"CME25A7795913Aligned.sortedByCoord.out.bam",-9.7502566001094,3.79601152410872
"CME25A7795914Aligned.sortedByCoord.out.bam",-9.78733545753127,3.64476950636274
"CME25A7795909Aligned.sortedByCoord.out.bam",-13.9377928397334,3.50572569837935
"CME25A7795906Aligned.sortedByCoord.out.bam",-13.9619665763057,3.56355817785628
"CME25A7795908Aligned.sortedByCoord.out.bam",-13.93680006477,2.72378499975569
"CME25A7795911Aligned.sortedByCoord.out.bam",-13.7881899497188,3.05930335989363
"CME25A7795907Aligned.sortedByCoord.out.bam",-9.57787949058181,3.80832918157942
"CME25A7795903Aligned.sortedByCoord.out.bam",-14.0407486579097,2.84126122465498
"CME25A7795905Aligned.sortedByCoord.out.bam",-9.78466707679397,3.79764755239851
"CME25A7795904Aligned.sortedByCoord.out.bam",-13.8375626227534,3.14473970404036
"CME25A7619454Aligned.sortedByCoord.out.bam",-9.95500666114456,3.79441316595442
"CME25A7795902Aligned.sortedByCoord.out.bam",-13.5935936591304,3.29023583402998
"CME25A7619451Aligned.sortedByCoord.out.bam",-14.1248579642451,2.82118685713179
"CME25A7619455Aligned.sortedByCoord.out.bam",-14.2550831458247,2.94474418630964
"CME25A7619453Aligned.sortedByCoord.out.bam",-9.61666685554153,3.72785432806379
"CME25A7619450Aligned.sortedByCoord.out.bam",-9.69583517524368,3.77680070867903
"CME25A7619452Aligned.sortedByCoord.out.bam",-14.1020947119868,3.07980616560347
"CME25A7619449Aligned.sortedByCoord.out.bam",-14.1931591651118,2.87541087141401
"CME25A7619448Aligned.sortedByCoord.out.bam",-13.9627886435664,3.14459474554426
"CME25A7619444Aligned.sortedByCoord.out.bam",-12.7154713294185,3.89746435156233
"CME25A7619446Aligned.sortedByCoord.out.bam",-12.747295441357,3.97519309988386
"CME25A7619443Aligned.sortedByCoord.out.bam",-12.2737007758296,4.11475379934675
"CME25A7619447Aligned.sortedByCoord.out.bam",-10.7543869635738,3.7994182871855
"CME25A7619445Aligned.sortedByCoord.out.bam",-13.1088429114497,3.5811086463011
"CME25A7619440Aligned.sortedByCoord.out.bam",-12.1657019278682,3.91528017988569
"CME25A7619438Aligned.sortedByCoord.out.bam",-12.5882788321651,3.86455352774031
"CME25A7619439Aligned.sortedByCoord.out.bam",-12.9957008978999,3.62816985121138
"CME25A7619442Aligned.sortedByCoord.out.bam",-12.9028816840327,3.63557656278975
"CME25A7619441Aligned.sortedByCoord.out.bam",-12.628848137585,3.75184400549299
"CME25A7619436Aligned.sortedByCoord.out.bam",-10.4925881049312,3.76861579885847
"CME25A7619437Aligned.sortedByCoord.out.bam",-11.6383658072627,4.19340475073225
"CME25A7619433Aligned.sortedByCoord.out.bam",-10.6109371802486,3.67009361257918
"CME25A7619432Aligned.sortedByCoord.out.bam",-10.9228850028194,4.04747589102156
"CME25A7619434Aligned.sortedByCoord.out.bam",-12.7110520026363,3.78883488645918
"CME25A7619435Aligned.sortedByCoord.out.bam",-10.5523796698726,3.65249689093001
"CME25A7619426Aligned.sortedByCoord.out.bam",-13.2551222464717,3.49158246984846
"CME25A7619427Aligned.sortedByCoord.out.bam",-12.5245648047603,3.87931473722822
"CME25A7619429Aligned.sortedByCoord.out.bam",-13.7062721869624,3.3694661425627
"CME25A7619431Aligned.sortedByCoord.out.bam",-12.9773607871211,3.69029911032087
"CME25A7619430Aligned.sortedByCoord.out.bam",-11.3065577170528,4.14058216085798
"CME25A7619424Aligned.sortedByCoord.out.bam",-12.8366213462031,3.71473987570173
"CME25A7619428Aligned.sortedByCoord.out.bam",-10.7525787970698,3.67272670736677
"CME25A7619422Aligned.sortedByCoord.out.bam",-12.6998186728633,3.8013177680052
"CME25A7619423Aligned.sortedByCoord.out.bam",-10.9649525305904,4.01834304800398
"CME25A7619425Aligned.sortedByCoord.out.bam",-12.4145746848262,3.98953111639387
"CME25A7619419Aligned.sortedByCoord.out.bam",-10.6785545966304,3.86212356558211
"CME25A7619420Aligned.sortedByCoord.out.bam",-10.2098017356074,3.82062824240095
"CME25A7619418Aligned.sortedByCoord.out.bam",-12.8053303382075,3.94339449873335
"CME25A7619417Aligned.sortedByCoord.out.bam",-11.1131573340572,4.07031782141096
"CME25A7619421Aligned.sortedByCoord.out.bam",-12.4996882102168,3.87150700559981
"CME25A7619415Aligned.sortedByCoord.out.bam",-10.5121031424678,3.8575602339781
"CME25A7619414Aligned.sortedByCoord.out.bam",-11.1232338568843,4.09927423468001
"CME25A7619416Aligned.sortedByCoord.out.bam",-10.6357365271724,3.77811439504988
"CME25A7619411Aligned.sortedByCoord.out.bam",-11.5513907096065,4.06585319509871
"CME25A7619413Aligned.sortedByCoord.out.bam",-12.6604662558711,3.79940946569807
"CME25A7619410Aligned.sortedByCoord.out.bam",-10.7179499289668,3.81573088636763
"CME25A7619409Aligned.sortedByCoord.out.bam",-12.5334530493892,3.8484004305876
"CME25A7619405Aligned.sortedByCoord.out.bam",-10.825137200085,3.88780458441145
"CME25A7619412Aligned.sortedByCoord.out.bam",-10.3781042716182,3.77378781309492
"CME25A7619367Aligned.sortedByCoord.out.bam",7.61414235618943,-0.888964457603625
"CME25A7619357Aligned.sortedByCoord.out.bam",0.522736964496315,5.00752027502424
"CME25A7619358Aligned.sortedByCoord.out.bam",4.97977441337937,3.3139594363249
"CME25A7619359Aligned.sortedByCoord.out.bam",3.35258668449754,3.31891401281721
"CME25A7619356Aligned.sortedByCoord.out.bam",9.44570725944871,0.380544321445295
"CME25A7619354Aligned.sortedByCoord.out.bam",3.79583447960252,5.01107128134138
"CME25A7619355Aligned.sortedByCoord.out.bam",0.85996812370652,5.03134210577376
"CME25A7619352Aligned.sortedByCoord.out.bam",9.62490838554734,-2.68740884790056
"CME25A7619346Aligned.sortedByCoord.out.bam",10.723730025562,-2.77642933854692
"CME25A7619347Aligned.sortedByCoord.out.bam",4.61125129249924,1.0701530741728
"CME25A7619350Aligned.sortedByCoord.out.bam",0.105795440944374,4.98686559667952
"CME25A7619353Aligned.sortedByCoord.out.bam",4.47650712517136,2.47492201795942
"CME25A7619348Aligned.sortedByCoord.out.bam",10.4654187538945,-2.44096319207781
"CME25A7619351Aligned.sortedByCoord.out.bam",9.64244645622605,-2.5832950306856
"CME25A7619345Aligned.sortedByCoord.out.bam",3.56885713127488,5.2759967612303
"CME25A7619341Aligned.sortedByCoord.out.bam",0.284433422359169,5.15132577886946
"CME25A7619344Aligned.sortedByCoord.out.bam",10.6639375069463,-2.55273143777483
"CME25A7619343Aligned.sortedByCoord.out.bam",0.115699825557411,5.03294284811384
"CME25A7619349Aligned.sortedByCoord.out.bam",10.281666693958,-2.43432681092851
"CME25A7619339Aligned.sortedByCoord.out.bam",-0.333140196529686,4.36465890875227
"CME25A7619342Aligned.sortedByCoord.out.bam",5.20404094246262,0.497923033145734
"CME25A7619340Aligned.sortedByCoord.out.bam",0.165140209468544,5.04835374822981
"CME25A7619337Aligned.sortedByCoord.out.bam",10.5445165016972,-2.90207616815203
"CME25A7619333Aligned.sortedByCoord.out.bam",9.39370339897507,0.29956109991438
"CME25A7619336Aligned.sortedByCoord.out.bam",0.0424962618672255,5.1020522879637
"CME25A7619330Aligned.sortedByCoord.out.bam",-0.0222470185435411,4.92088516226179
"CME25A7619335Aligned.sortedByCoord.out.bam",1.2586020806157,1.998115615753
"CME25A7619332Aligned.sortedByCoord.out.bam",10.4074344017827,-2.83348266610735
"CME25A7619327Aligned.sortedByCoord.out.bam",0.0454425194584731,4.86868246069319
"CME25A7619331Aligned.sortedByCoord.out.bam",8.22367661980027,0.084785045889684
"CME25A7619328Aligned.sortedByCoord.out.bam",7.90292542961472,-0.838998241516284
"CME25A7619326Aligned.sortedByCoord.out.bam",9.19575685051316,0.296383635906049
"CME25A7619323Aligned.sortedByCoord.out.bam",4.85773843315476,4.47541101446516
"CME25A7619325Aligned.sortedByCoord.out.bam",0.103529033931435,4.97886426916487
"CME25A7619324Aligned.sortedByCoord.out.bam",-0.311844529835045,4.2411485480345
"CME25A7619322Aligned.sortedByCoord.out.bam",4.11977809456223,4.87959821691878
"CME25A7619321Aligned.sortedByCoord.out.bam",4.13888448265427,0.129774676469632
"CME25A7619315Aligned.sortedByCoord.out.bam",8.96280282524461,0.335526512769529
"CME25A7619320Aligned.sortedByCoord.out.bam",4.90196937111253,0.871827559379407
"CME25A7619319Aligned.sortedByCoord.out.bam",5.2922615387761,0.996516780761548
"CME25A7619317Aligned.sortedByCoord.out.bam",2.36966222313279,1.84804816713698
"CME25A7619316Aligned.sortedByCoord.out.bam",4.12312358406419,1.34210212698347
"CME25A7619314Aligned.sortedByCoord.out.bam",4.38979047325486,4.76328189840681
"CME25A7619312Aligned.sortedByCoord.out.bam",5.71791833427781,2.74563153257734
"CME25A7619309Aligned.sortedByCoord.out.bam",4.61234897163743,1.57112570276625
"CME25A7619310Aligned.sortedByCoord.out.bam",4.41101687935227,4.69364936819441
"CME25A7619306Aligned.sortedByCoord.out.bam",9.17797559288377,-0.028706332834891
"CME25A7619308Aligned.sortedByCoord.out.bam",9.2604274132573,0.462841825393506
"CME25A7619305Aligned.sortedByCoord.out.bam",3.49301045921677,5.08062179556257
"CME25A7619307Aligned.sortedByCoord.out.bam",7.10989278343552,2.67691429129011
"CME25A7619302Aligned.sortedByCoord.out.bam",10.652968344959,-3.06836311349504
"CME25A7619301Aligned.sortedByCoord.out.bam",5.25655025032395,2.89958460798628
"CME25A7619303Aligned.sortedByCoord.out.bam",10.561340270313,-2.86386625299089
"CME25A7619298Aligned.sortedByCoord.out.bam",6.47826188591355,2.793596582321
"CME25A7619300Aligned.sortedByCoord.out.bam",8.8943967202031,1.68578727712996
"CME25A7619304Aligned.sortedByCoord.out.bam",5.19066804436082,3.05417950621016
"CME25A7619299Aligned.sortedByCoord.out.bam",4.84811585930222,2.85205824842817
"CME25A7619294Aligned.sortedByCoord.out.bam",10.5760526039922,-2.89323107728594
"CME25A7619296Aligned.sortedByCoord.out.bam",10.449219641956,-2.73746077546709
"CME25A7619293Aligned.sortedByCoord.out.bam",5.79925006416673,2.55590565672285
"CME25A7619295Aligned.sortedByCoord.out.bam",5.21889346626633,0.955664770511457
"CME25A7619284Aligned.sortedByCoord.out.bam",8.56526464012498,-1.31160633096331
"CME25A7619291Aligned.sortedByCoord.out.bam",9.05860417869919,1.50611145964033
"CME25A7619286Aligned.sortedByCoord.out.bam",0.88963120964402,5.1181860732115
"CME25A7619290Aligned.sortedByCoord.out.bam",3.58969586876267,5.17320068350203
"CME25A7619282Aligned.sortedByCoord.out.bam",3.93698256996506,4.59081705084211
"CME25A7619285Aligned.sortedByCoord.out.bam",4.16310018089646,4.33611209860212
"CME25A7619281Aligned.sortedByCoord.out.bam",4.23413747337693,4.6773639487303
"CME25A7619289Aligned.sortedByCoord.out.bam",0.173976598056496,3.5821286009825
"CME25A7619283Aligned.sortedByCoord.out.bam",4.77868646171922,3.57286627760298
"CME25A7619280Aligned.sortedByCoord.out.bam",4.46963494804734,2.34124000540144
"CME25A7619279Aligned.sortedByCoord.out.bam",4.74161046532029,1.00015266409285
"CME25A7619277Aligned.sortedByCoord.out.bam",1.40036242988938,-0.285040898414782
"CME25A7619274Aligned.sortedByCoord.out.bam",4.54233068016404,3.74377878179915
"CME25A7619276Aligned.sortedByCoord.out.bam",6.78211873558396,2.15738327970869
"CME25A7619272Aligned.sortedByCoord.out.bam",6.5667771675908,1.7716478871382
"CME25A7619275Aligned.sortedByCoord.out.bam",-0.690232219425499,3.80935175886519
"CME25A7619271Aligned.sortedByCoord.out.bam",6.82461827782029,2.36353619566328
"CME25A7619269Aligned.sortedByCoord.out.bam",7.58967488792771,1.37910469046003
"CME25A7619273Aligned.sortedByCoord.out.bam",-0.527306618419945,3.48954685202009
"CME25A7619270Aligned.sortedByCoord.out.bam",10.3885936119878,-2.16091529855364
"CME25A7619265Aligned.sortedByCoord.out.bam",-0.897116424766838,3.1466272639311
"CME25A7619267Aligned.sortedByCoord.out.bam",6.26823752907151,1.80446250906355
"CME25A7619268Aligned.sortedByCoord.out.bam",1.94727152374619,0.180868403819867
"CME25A7619266Aligned.sortedByCoord.out.bam",6.87866967705125,0.923105852512189
"CME25A7587400Aligned.sortedByCoord.out.bam",1.05769413498277,-0.729098422619036
"CME25A7587403Aligned.sortedByCoord.out.bam",7.48165410545701,1.34181578626997
"CME25A7619264Aligned.sortedByCoord.out.bam",10.1189889290654,-1.05321399697893
"CME25A7587401Aligned.sortedByCoord.out.bam",2.97069686439866,3.10050995817549
"CME25A7587399Aligned.sortedByCoord.out.bam",-0.956758143631279,3.06999834051497
"CME25A7587398Aligned.sortedByCoord.out.bam",10.0100602486455,-1.04340056905382
"CME25A7587402Aligned.sortedByCoord.out.bam",1.24331158188218,2.14809759130842
"CME25A7587397Aligned.sortedByCoord.out.bam",7.39767259147996,1.2387196587599
"CME25A7587396Aligned.sortedByCoord.out.bam",1.43353169945115,-0.423926873298815
"CME25A7587392Aligned.sortedByCoord.out.bam",1.00125473526353,-0.450640035959414
"CME25A7587394Aligned.sortedByCoord.out.bam",1.12687414673203,-0.256078688594035
"CME25A7587393Aligned.sortedByCoord.out.bam",-0.922442736355126,3.21038039198286
"CME25A7587395Aligned.sortedByCoord.out.bam",8.14167302635544,0.836883561519452
"CME25A7587388Aligned.sortedByCoord.out.bam",7.5452117302739,1.44204123487837
"CME25A7587391Aligned.sortedByCoord.out.bam",-0.721080007282555,3.40727909078962
"CME25A7587389Aligned.sortedByCoord.out.bam",3.20520156410569,3.57905538549788
"CME25A7587390Aligned.sortedByCoord.out.bam",1.18719261673325,-0.465215308757952
"CME25A7587386Aligned.sortedByCoord.out.bam",7.43435185936326,1.24690802564985
"CME25A7587376Aligned.sortedByCoord.out.bam",1.16169279602402,0.788029508498975
"CME25A7587385Aligned.sortedByCoord.out.bam",7.40754216698045,1.31648846140272
"CME25A7587387Aligned.sortedByCoord.out.bam",10.0610722878301,-1.17900578508013
"CME25A7587380Aligned.sortedByCoord.out.bam",-0.634247364727318,3.04105265608198
"CME25A7587383Aligned.sortedByCoord.out.bam",1.01388352897996,-0.837975008579425
"CME25A7587382Aligned.sortedByCoord.out.bam",-0.594038309780418,3.76609547605879
"CME25A7587377Aligned.sortedByCoord.out.bam",10.0644778588139,-0.956740779968432
"CME25A7587384Aligned.sortedByCoord.out.bam",4.58905690697068,3.07653673162825
"CME25A7587379Aligned.sortedByCoord.out.bam",-0.11498087855941,4.7794237898863
"CME25A7587375Aligned.sortedByCoord.out.bam",-0.0900952241099473,4.70543821325667
"CME25A7587369Aligned.sortedByCoord.out.bam",10.0568351128423,-0.858792586418322
"CME25A7587373Aligned.sortedByCoord.out.bam",-0.0876035115397569,4.66775424948103
"CME25A7587374Aligned.sortedByCoord.out.bam",6.19528239754075,0.835915760902234
"CME25A7587370Aligned.sortedByCoord.out.bam",6.8411740639531,1.82512755861647
"CME25A7587368Aligned.sortedByCoord.out.bam",6.75522225883836,1.2701556252516
"CME25A7587372Aligned.sortedByCoord.out.bam",6.52106088188523,2.17841847410566
"CME25A7587371Aligned.sortedByCoord.out.bam",1.09576838997239,-0.466306371780566
"CME25A7587362Aligned.sortedByCoord.out.bam",9.77190679100388,-0.787071151825122
"CME25A7587367Aligned.sortedByCoord.out.bam",-11.2829323432124,6.98374803533919
"CME25A7587366Aligned.sortedByCoord.out.bam",-11.6924086234248,7.31506689062483
"CME25A7587361Aligned.sortedByCoord.out.bam",-10.9827471396602,7.92788179388411
"CME25A7587365Aligned.sortedByCoord.out.bam",-11.2100239417232,7.16276987066633
"CME25A7587364Aligned.sortedByCoord.out.bam",-11.4713574072993,6.86495502462752
"CME25A7587363Aligned.sortedByCoord.out.bam",-11.424689354626,7.32669122686751
"CME25A7587360Aligned.sortedByCoord.out.bam",-10.5992632529414,7.03448541632063
"CME25A7587359Aligned.sortedByCoord.out.bam",-11.420930924145,6.92513759603865
"CME25A7587354Aligned.sortedByCoord.out.bam",-10.758206429211,7.20271261206038
"CME25A7587358Aligned.sortedByCoord.out.bam",-10.509089531628,7.17931802740461
"CME25A7587352Aligned.sortedByCoord.out.bam",-11.1585589072383,7.28871686926253
"CME25A7587353Aligned.sortedByCoord.out.bam",-10.5434513709224,7.30957277288801
"CME25A7587357Aligned.sortedByCoord.out.bam",-10.6636286399043,7.4238444136656
"CME25A7587356Aligned.sortedByCoord.out.bam",-10.9243822714961,7.4204378890074
"CME25A7587355Aligned.sortedByCoord.out.bam",-11.0301933905757,7.49867685308821
"CME25A7587351Aligned.sortedByCoord.out.bam",-10.7668610236323,6.99075468054182
"CME25A7587346Aligned.sortedByCoord.out.bam",-10.4846420905269,7.63481624594099
"CME25A7587348Aligned.sortedByCoord.out.bam",-10.4819765708125,7.70057876577742
"CME25A7587349Aligned.sortedByCoord.out.bam",-10.6893425604976,6.97480161657698
"CME25A7587345Aligned.sortedByCoord.out.bam",-10.9704304358638,7.32960660925276
"CME25A7587350Aligned.sortedByCoord.out.bam",-10.5251026770747,7.68615205755598
"CME25A7587347Aligned.sortedByCoord.out.bam",-10.4818592688716,7.52187641134627
"CME25A7587344Aligned.sortedByCoord.out.bam",-11.1747732779658,7.65129430761702
"CME25A7587343Aligned.sortedByCoord.out.bam",-11.2489863059199,7.98821981420881
"CME25A7587340Aligned.sortedByCoord.out.bam",-10.5192528388179,7.73953779211409
"CME25A7587342Aligned.sortedByCoord.out.bam",-10.7742291114009,7.5407877730406
"CME25A7587341Aligned.sortedByCoord.out.bam",-10.592621865002,7.69514902105696
"CME25A7587339Aligned.sortedByCoord.out.bam",-10.9606276175655,6.72608907690413
"CME25A7587338Aligned.sortedByCoord.out.bam",-10.8606291434444,6.99214942922957
"CME25A7587337Aligned.sortedByCoord.out.bam",-11.0235367438472,7.05638034811384
"CME25A7587336Aligned.sortedByCoord.out.bam",-11.454417290417,7.570043640045
"CME25A7587335Aligned.sortedByCoord.out.bam",-11.3013888022578,6.36631782522566
"CME25A7587331Aligned.sortedByCoord.out.bam",-11.3477039954341,8.06029565801985
"CME25A7587334Aligned.sortedByCoord.out.bam",-11.5551043173946,8.02080305090315
"CME25A7587330Aligned.sortedByCoord.out.bam",-11.7679281851924,5.10136850347883
"CME25A7587328Aligned.sortedByCoord.out.bam",-11.0561466834224,7.85236700048811
"CME25A7587333Aligned.sortedByCoord.out.bam",-11.5143366477168,7.31425626745588
"CME25A7587329Aligned.sortedByCoord.out.bam",-11.3530893942989,7.87821109762556
"CME25A7587332Aligned.sortedByCoord.out.bam",-11.1463089606441,7.90465744009382
"CME25A7587327Aligned.sortedByCoord.out.bam",-11.3451233527339,7.68046720495588
"CME25A7587323Aligned.sortedByCoord.out.bam",-11.6422434470332,5.13724334707625
"CME25A7587324Aligned.sortedByCoord.out.bam",-11.5487604758418,7.83924015035994
"CME25A7587326Aligned.sortedByCoord.out.bam",-11.5344315192378,5.56584938040144
"CME25A7587325Aligned.sortedByCoord.out.bam",-11.021649422375,7.72880514135725
"CME25A7587321Aligned.sortedByCoord.out.bam",-11.5301676413692,6.86434467306502
"CME25A7587314Aligned.sortedByCoord.out.bam",-11.5552254340327,7.09864528646834
"CME25A7587322Aligned.sortedByCoord.out.bam",-11.5607224127925,7.54221065512068
"CME25A7587319Aligned.sortedByCoord.out.bam",-11.5900631568111,7.76330764761336
"CME25A7587320Aligned.sortedByCoord.out.bam",-11.1814251563228,8.03866632452375
"CME25A7587318Aligned.sortedByCoord.out.bam",-11.1058407447017,8.01950605383284
"CME25A7587315Aligned.sortedByCoord.out.bam",-11.2712956092036,7.48322208395369
"CME25A7587313Aligned.sortedByCoord.out.bam",-11.3601418158687,7.0433078574217
"CME25A7587309Aligned.sortedByCoord.out.bam",-11.5057478568233,7.35953195562727
"CME25A7587317Aligned.sortedByCoord.out.bam",-11.2227011344112,8.02836187353499
"CME25A7587316Aligned.sortedByCoord.out.bam",-11.4865952155269,7.94513471594221
"CME25A7587312Aligned.sortedByCoord.out.bam",-11.4898625037349,4.8710518645323
"CME25A7587311Aligned.sortedByCoord.out.bam",-11.4957543036616,4.68785198202498
"CME25A7587310Aligned.sortedByCoord.out.bam",-11.3205986640132,6.34510858526594
"CME25A7587307Aligned.sortedByCoord.out.bam",-11.5311108252681,4.75794084539778
"CME25A7587304Aligned.sortedByCoord.out.bam",-12.4819727561153,4.15212114324934
"CME25A7587308Aligned.sortedByCoord.out.bam",-11.4179869315303,4.70152194967634
"CME25A7587305Aligned.sortedByCoord.out.bam",-11.4312973639644,5.94662721624739
"CME25A7587306Aligned.sortedByCoord.out.bam",-11.5786772391475,4.80160053244002
"CME25A7587300Aligned.sortedByCoord.out.bam",-11.4720812461055,4.620505409149
"CME25A7587299Aligned.sortedByCoord.out.bam",-11.280329766003,7.00588329306013
"CME25A7587302Aligned.sortedByCoord.out.bam",-11.1167803427852,7.88939769735701
"CME25A7587303Aligned.sortedByCoord.out.bam",-11.7317658087886,6.82864292135603
"CME25A7587301Aligned.sortedByCoord.out.bam",-11.5659075400508,7.01820714941389
"CME25A7587298Aligned.sortedByCoord.out.bam",-11.462513031689,7.2111922072447
"CME25A7587297Aligned.sortedByCoord.out.bam",-11.3565331122554,7.92089803686506
"CME25A7587295Aligned.sortedByCoord.out.bam",-11.1753359458125,7.85136421194441
"CME25A7587293Aligned.sortedByCoord.out.bam",-11.4704752585567,7.92565639486677
"CME25A7587294Aligned.sortedByCoord.out.bam",-11.5799980780757,7.63251646032698
"CME25A7587275Aligned.sortedByCoord.out.bam",0.257578788074196,3.205062465576
"CME25A7587278Aligned.sortedByCoord.out.bam",2.6637420037114,5.1060577200926
"CME25A7587276Aligned.sortedByCoord.out.bam",7.42616170433396,2.77282007208235
"CME25A7587274Aligned.sortedByCoord.out.bam",2.00446408775681,4.19202430715925
"CME25A7587273Aligned.sortedByCoord.out.bam",3.10511868980759,5.38535602560408
"CME25A7587272Aligned.sortedByCoord.out.bam",3.30236905601853,5.31009252539045
"CME25A7587265Aligned.sortedByCoord.out.bam",2.43265622642869,3.98713834753401
"CME25A7587270Aligned.sortedByCoord.out.bam",0.081625519069374,3.47975595465071
"CME25A7587267Aligned.sortedByCoord.out.bam",7.18664735344285,2.30948884954817
"CME25A7587261Aligned.sortedByCoord.out.bam",2.19092029121751,4.37426860800154
"CME25A7587264Aligned.sortedByCoord.out.bam",2.91161054161423,5.0005045699156
"CME25A7587269Aligned.sortedByCoord.out.bam",3.25409453895921,3.69403727522261
"CME25A7587271Aligned.sortedByCoord.out.bam",1.82300919082993,3.65324147215254
"CME25A7587268Aligned.sortedByCoord.out.bam",0.246832070621193,2.98217590322859
"CME25A7587266Aligned.sortedByCoord.out.bam",2.48496335533494,2.85455925932295
"CME25A7587263Aligned.sortedByCoord.out.bam",1.38066476372117,2.40420277586348
"CME25A7587262Aligned.sortedByCoord.out.bam",0.871313033374489,-0.588032169433764
"CME25A7587260Aligned.sortedByCoord.out.bam",2.36508291748399,4.84671886434919
"CME25A7587259Aligned.sortedByCoord.out.bam",3.13611501243943,3.70853384008772
"CME25A7587255Aligned.sortedByCoord.out.bam",0.876964268954933,3.55903966894514
"CME25A7587257Aligned.sortedByCoord.out.bam",1.16230219391221,2.07084305754072
"CME25A7587258Aligned.sortedByCoord.out.bam",1.29614537742966,0.0314513759887898
"CME25A7587256Aligned.sortedByCoord.out.bam",2.86748784569138,3.92925055494673
"CME25A7587253Aligned.sortedByCoord.out.bam",7.42551225212449,2.05894453993208
"CME25A7587252Aligned.sortedByCoord.out.bam",1.69039863136643,-0.280382109972171
"CME25A7587251Aligned.sortedByCoord.out.bam",2.94308179405564,3.76874239912398
"CME25A7587248Aligned.sortedByCoord.out.bam",1.59724253204697,3.70267088880903
"CME25A7587254Aligned.sortedByCoord.out.bam",0.782426772388161,-0.0491495860540187
"CME25A7587249Aligned.sortedByCoord.out.bam",2.25671380546922,2.40603836050398
"CME25A7587250Aligned.sortedByCoord.out.bam",2.14936822441453,1.76186652651198
"CME25A7587242Aligned.sortedByCoord.out.bam",7.37071317222947,2.26731403341658
"CME25A7587244Aligned.sortedByCoord.out.bam",1.62774532822007,-0.468626601787738
"CME25A7587240Aligned.sortedByCoord.out.bam",3.2075275757634,3.81172616949446
"CME25A7587247Aligned.sortedByCoord.out.bam",0.164237556728065,3.37587626448042
"CME25A7587246Aligned.sortedByCoord.out.bam",0.949991402896583,0.190097154883214
"CME25A7587241Aligned.sortedByCoord.out.bam",2.67177098778123,1.78369124403364
"CME25A7587245Aligned.sortedByCoord.out.bam",-0.499187769619286,3.33518321981794
"CME25A7587243Aligned.sortedByCoord.out.bam",2.09099405792588,0.250465946105787
"CME25A7587239Aligned.sortedByCoord.out.bam",-0.0467167517817613,3.1518569754637
"CME25A7587218Aligned.sortedByCoord.out.bam",0.749252734454811,0.253233061937162
"CME25A7587227Aligned.sortedByCoord.out.bam",1.67511766937608,1.99880202284224
"CME25A7587230Aligned.sortedByCoord.out.bam",-0.281802358356773,3.29058464041121
"CME25A7587228Aligned.sortedByCoord.out.bam",0.835930524142921,-0.428378326984576
"CME25A7587232Aligned.sortedByCoord.out.bam",-0.405462445942223,3.31590326300032
"CME25A7587237Aligned.sortedByCoord.out.bam",3.23900502708787,3.63729889860518
"CME25A7587238Aligned.sortedByCoord.out.bam",0.053955612453163,2.99044545164473
"CME25A7587236Aligned.sortedByCoord.out.bam",0.847239432605446,-0.126614114435843
"CME25A7587234Aligned.sortedByCoord.out.bam",0.284929929050148,2.82966979017622
"CME25A7587233Aligned.sortedByCoord.out.bam",-0.178698482242882,3.30879171362288
"CME25A7587235Aligned.sortedByCoord.out.bam",1.00180285957688,-0.475128961893252
"CME25A7587226Aligned.sortedByCoord.out.bam",2.83793347862595,4.00395687094099
"CME25A7587231Aligned.sortedByCoord.out.bam",0.0287370064579848,3.49721415510542
"CME25A7587229Aligned.sortedByCoord.out.bam",0.701421437534035,-0.168843029233149
"CME25A7587225Aligned.sortedByCoord.out.bam",1.08417123344773,2.19625909796126
"CME25A7587223Aligned.sortedByCoord.out.bam",0.869424042972267,2.50557382574446
"CME25A7587224Aligned.sortedByCoord.out.bam",-0.203509154049217,3.74950464239485
"CME25A7587222Aligned.sortedByCoord.out.bam",0.344590125354469,3.34162910452253
"CME25A7587217Aligned.sortedByCoord.out.bam",0.859327492984474,0.0204417536235536
"CME25A7587220Aligned.sortedByCoord.out.bam",2.14573091057175,0.597484068778821
"CME25A7587219Aligned.sortedByCoord.out.bam",1.81429713753098,1.90398831835158
"CME25A7587221Aligned.sortedByCoord.out.bam",-0.339984001842796,3.15009005537398
"CME25A7587216Aligned.sortedByCoord.out.bam",1.39110296753281,-0.464623375030688
"CME25A7587215Aligned.sortedByCoord.out.bam",3.11510222938889,4.15498311987288
"CME25A7587214Aligned.sortedByCoord.out.bam",0.0864402630650405,3.74763520231611
"CME25A7587213Aligned.sortedByCoord.out.bam",0.858993945392311,0.327108250764676
"CME25A7587212Aligned.sortedByCoord.out.bam",2.97957318809861,4.11224611273176
"ERR2851716Aligned.sortedByCoord.out.bam",2.40522116211289,4.09999378195173
"ERR2851717Aligned.sortedByCoord.out.bam",-0.0139208457148667,3.34800274839766
"ERR2851718Aligned.sortedByCoord.out.bam",2.95523065117234,4.81301839819319
"ERR2851719Aligned.sortedByCoord.out.bam",3.37861245659226,4.48025424948103
"ERR2851720Aligned.sortedByCoord.out.bam",1.18271368530625,2.00518424978621
"ERR2851721Aligned.sortedByCoord.out.bam",1.14913171318406,0.384279744533368
"ERR2851722Aligned.sortedByCoord.out.bam",0.587344584735573,4.48221786489851
"ERR2851723Aligned.sortedByCoord.out.bam",1.8317655899846,4.97353513708479
"ERR2851724Aligned.sortedByCoord.out.bam",4.01613372352952,1.27881498804457
"ERR2851725Aligned.sortedByCoord.out.bam",3.07526534584397,5.08720262518294
"ERR2851726Aligned.sortedByCoord.out.bam",2.81124585655564,2.09875901213057
"ERR2851727Aligned.sortedByCoord.out.bam",2.18592709091538,4.44523008337385
"ERR2851728Aligned.sortedByCoord.out.bam",2.61302035835618,3.69352157583601
"ERR2851729Aligned.sortedByCoord.out.bam",6.91001409080857,1.56623156538374
"ERR2851730Aligned.sortedByCoord.out.bam",1.161088404926,2.28031619062788
"ERR2851731Aligned.sortedByCoord.out.bam",2.64502137688035,2.98432643881209
"ERR2851732Aligned.sortedByCoord.out.bam",2.99492782142991,2.07629497518904
"ERR2851733Aligned.sortedByCoord.out.bam",3.58569568184251,4.96423347463972
"ERR2851734Aligned.sortedByCoord.out.bam",2.61470216301316,4.10837991705305
"ERR2851735Aligned.sortedByCoord.out.bam",3.10263103035325,4.66114290228254
"ERR2851736Aligned.sortedByCoord.out.bam",3.09372609642381,4.97832019796736
"ERR2851737Aligned.sortedByCoord.out.bam",3.17416566398972,2.31887372007734
"ERR2851738Aligned.sortedByCoord.out.bam",3.07329553154343,4.4876232909239
"ERR2851739Aligned.sortedByCoord.out.bam",2.83476298836106,2.81037743559248
"ERR2851740Aligned.sortedByCoord.out.bam",2.10479134109849,0.84972013702757
"ERR2851741Aligned.sortedByCoord.out.bam",3.1992234566533,4.35819919577009
"ERR2851742Aligned.sortedByCoord.out.bam",3.01322215584153,4.7498794364012
"ERR2851743Aligned.sortedByCoord.out.bam",2.918900904926,2.95535762777693
"ERR2851744Aligned.sortedByCoord.out.bam",7.40870851066941,1.39251645079023
"ERR2851745Aligned.sortedByCoord.out.bam",3.44394057777756,4.04390008917219
"ERR2851746Aligned.sortedByCoord.out.bam",2.87491982963914,1.61358995905287
"ERR2851747Aligned.sortedByCoord.out.bam",2.45916503456467,4.72140224447615
"ERR2851748Aligned.sortedByCoord.out.bam",3.03576272514695,1.96215863695509
"ERR2851749Aligned.sortedByCoord.out.bam",2.41070478943223,2.74618347158796
"ERR2851750Aligned.sortedByCoord.out.bam",2.63846629646653,2.9302821921385
"ERR2851751Aligned.sortedByCoord.out.bam",3.31364148643845,3.99532182684309
"ERR2851752Aligned.sortedByCoord.out.bam",2.79841607597703,4.82019384374983
"ERR2851753Aligned.sortedByCoord.out.bam",3.36591571358079,4.90567596426375
"ERR2851754Aligned.sortedByCoord.out.bam",3.21856206444138,3.28755386343367
"ERR2851755Aligned.sortedByCoord.out.bam",2.75112336662644,3.33242257109053
"ERR2851756Aligned.sortedByCoord.out.bam",2.88540929344529,2.92849476805098
"ERR2851757Aligned.sortedByCoord.out.bam",1.72766107109422,-0.205418868156604
"ERR2851758Aligned.sortedByCoord.out.bam",2.68700021293992,2.97988756170637
"ERR2851759Aligned.sortedByCoord.out.bam",2.99426692512864,4.05650766363508
"ERR2851760Aligned.sortedByCoord.out.bam",1.76643579986924,-0.185251606794528
"ERR2851761Aligned.sortedByCoord.out.bam",2.64196580437058,4.35205371847517
"ERR2851762Aligned.sortedByCoord.out.bam",3.3793181755864,4.72391088476545
"ERR2851763Aligned.sortedByCoord.out.bam",7.29570668724412,2.64578326216108
"ERR2851764Aligned.sortedByCoord.out.bam",2.57392924812669,1.9628362225569
"ERR2851765Aligned.sortedByCoord.out.bam",2.61639398125047,1.12158329954512
"ERR2851766Aligned.sortedByCoord.out.bam",2.73110002067918,3.09240897169478
"ERR2851767Aligned.sortedByCoord.out.bam",3.04722589043015,4.4581256674803
"ERR2851768Aligned.sortedByCoord.out.bam",2.38809007194871,4.58704002371199
"ERR2851769Aligned.sortedByCoord.out.bam",2.7822779991948,4.17925031652815
"ERR2851770Aligned.sortedByCoord.out.bam",2.96733897713059,3.82020862570173
"ERR2851771Aligned.sortedByCoord.out.bam",0.723165211948097,-0.380074812265567
"ERR2851772Aligned.sortedByCoord.out.bam",2.6471895554387,2.66052492132551
"ERR2851773Aligned.sortedByCoord.out.bam",2.67235463646287,2.53099997511274
"ERR2851774Aligned.sortedByCoord.out.bam",7.51995366600388,2.67294986715681
"ERR2851775Aligned.sortedByCoord.out.bam",2.0148903706395,4.80864389410383
"ERR2851776Aligned.sortedByCoord.out.bam",2.74987500694627,2.78197463026411
"ERR2851777Aligned.sortedByCoord.out.bam",10.5928229668462,-2.44279162416094
"ERR2851778Aligned.sortedByCoord.out.bam",2.47555821922654,4.14058406820662
"ERR2851779Aligned.sortedByCoord.out.bam",2.30735915687913,5.02451093664534
"ERR2851780Aligned.sortedByCoord.out.bam",2.82483476189011,2.09809263220198
"ERR2851781Aligned.sortedByCoord.out.bam",10.7855071404302,-2.86634270677202
"ERR2851782Aligned.sortedByCoord.out.bam",2.28239625481004,4.65946538915999
"ERR2851783Aligned.sortedByCoord.out.bam",3.26931136635178,4.45358570089705
"ERR2851784Aligned.sortedByCoord.out.bam",6.5647487023198,1.6824634837187
"ERR2851785Aligned.sortedByCoord.out.bam",2.73937791374558,5.22508056631453
"ERR2851786Aligned.sortedByCoord.out.bam",0.441037593158424,4.87999732962019
"ERR2851787Aligned.sortedByCoord.out.bam",-0.232263507572472,3.90257127752669
"ERR2851788Aligned.sortedByCoord.out.bam",7.52250951317185,-19.5886625481569
"ERR2851790Aligned.sortedByCoord.out.bam",7.44239896324509,-19.5085691643678
"ERR2851791Aligned.sortedByCoord.out.bam",8.43088620689744,-1.48630980977648
"ERR2851792Aligned.sortedByCoord.out.bam",2.16612189796799,4.71110065451033
"ERR2851793Aligned.sortedByCoord.out.bam",0.4881684162938,4.29258640280134
"ERR2851794Aligned.sortedByCoord.out.bam",0.0505556443058852,3.07723100653059
"ERR2851795Aligned.sortedByCoord.out.bam",7.47073358085984,-19.536862773987
"ERR2851796Aligned.sortedByCoord.out.bam",9.20406526115769,-2.74789039620989
"ERR2851797Aligned.sortedByCoord.out.bam",2.15568679359788,4.8839593695677
"ERR2851798Aligned.sortedByCoord.out.bam",3.35620540169114,5.18664272299177
"ERR2851799Aligned.sortedByCoord.out.bam",1.02206438568467,0.22922475805647
"ERR2851800Aligned.sortedByCoord.out.bam",8.55561154869431,2.26740010252363
"ERR2851801Aligned.sortedByCoord.out.bam",9.26792806175584,-2.81606428155535
"ERR2851802Aligned.sortedByCoord.out.bam",9.93773835686082,-1.23171727189653
"ERR2851803Aligned.sortedByCoord.out.bam",2.90761035469407,4.91142423620588
"ERR2851804Aligned.sortedByCoord.out.bam",0.14351087597245,3.5751226710356
"ERR2851805Aligned.sortedByCoord.out.bam",0.845560488971413,-0.299410296770266
"ERR2851806Aligned.sortedByCoord.out.bam",8.49103349235886,2.24411113729841
"ERR2851809Aligned.sortedByCoord.out.bam",9.8727959969365,-1.30668835172289
"ERR2851810Aligned.sortedByCoord.out.bam",3.00806849983567,5.26180274954207
"ERR2851811Aligned.sortedByCoord.out.bam",3.0339869835698,5.30384738912947
"ERR2851812Aligned.sortedByCoord.out.bam",7.99659150627488,-1.30253521928423
"ERR2851813Aligned.sortedByCoord.out.bam",8.20085328606003,2.41222770681746
"ERR2851815Aligned.sortedByCoord.out.bam",10.109999594959,-1.36307005414598
"ERR2851816Aligned.sortedByCoord.out.bam",1.95282977608079,4.68632514944441
"ERR2851817Aligned.sortedByCoord.out.bam",9.13326447990769,0.93168784847624
"ERR2851818Aligned.sortedByCoord.out.bam",9.29808038261765,0.624587254432508
"ERR2851819Aligned.sortedByCoord.out.bam",3.62987130668992,-0.282657219263247
"ERR2851821Aligned.sortedByCoord.out.bam",10.3844642021977,-1.85264055261248
"ERR2851822Aligned.sortedByCoord.out.bam",9.90472501304978,-1.39052848348253
"ERR2851823Aligned.sortedByCoord.out.bam",2.53667682197923,4.33922393789656
"ERR2851824Aligned.sortedByCoord.out.bam",8.93266957786912,1.66043086519606
"ERR2851825Aligned.sortedByCoord.out.bam",3.4623693802678,-0.245346097441844
"ERR2851827Aligned.sortedByCoord.out.bam",10.1651658394658,-1.21740536222093
"ERR2851828Aligned.sortedByCoord.out.bam",9.38925164726609,-2.62072054872148
"ERR2851829Aligned.sortedByCoord.out.bam",1.96259659317368,3.0814257430113
"ERR2851830Aligned.sortedByCoord.out.bam",8.68501847771043,2.14586313238508
"ERR2851832Aligned.sortedByCoord.out.bam",7.30756085899705,-19.3737234307253
"ERR2851833Aligned.sortedByCoord.out.bam",10.0574254372441,-1.05230443009966
"ERR2851834Aligned.sortedByCoord.out.bam",9.4366330483281,-2.29251067170732
"ERR2851835Aligned.sortedByCoord.out.bam",-0.0458418748057481,4.05642755499251
"ERR2851837Aligned.sortedByCoord.out.bam",7.49077790764207,-19.5569585991823
"ERR2851838Aligned.sortedByCoord.out.bam",8.31258481529587,-1.40918139943712
"ERR2851839Aligned.sortedByCoord.out.bam",9.62614530113572,-2.24837557801836
"ERR2851840Aligned.sortedByCoord.out.bam",-0.14580112907058,3.8430612849272
"ERR2851842Aligned.sortedByCoord.out.bam",9.28065389183396,-2.76236407289141
"ERR2851843Aligned.sortedByCoord.out.bam",7.4522523262822,-19.5184148980104
"ERR2851844Aligned.sortedByCoord.out.bam",3.49031013038987,-0.162392510267428
"ERR2851845Aligned.sortedByCoord.out.bam",8.35382646110886,-1.31668178567522
"ERR2851846Aligned.sortedByCoord.out.bam",9.87740510490769,-2.29131524095171
"ERR2851847Aligned.sortedByCoord.out.bam",1.75021880653733,4.87206371298201
"ERR2851848Aligned.sortedByCoord.out.bam",0.00241786030167379,3.60348494520552
"ERR2851849Aligned.sortedByCoord.out.bam",9.52364820030564,-2.52731410989397
"ERR2851850Aligned.sortedByCoord.out.bam",9.39600652244919,-2.6823715401613
"ERR2851851Aligned.sortedByCoord.out.bam",7.51949018028611,-19.5856413079225
"ERR2851852Aligned.sortedByCoord.out.bam",8.6653928139531,2.0271158980406
"ERR2851853Aligned.sortedByCoord.out.bam",9.96954721001023,-1.30246917733782
"ERR2851854Aligned.sortedByCoord.out.bam",10.0645808556401,-2.08930222520464
"ERR2851855Aligned.sortedByCoord.out.bam",0.735235629352272,0.207877861169645
"ERR2851856Aligned.sortedByCoord.out.bam",-0.0411601683772203,4.43333299627669
"ERR2851857Aligned.sortedByCoord.out.bam",9.83806222465867,-2.42518155107134
"ERR2851859Aligned.sortedByCoord.out.bam",7.44659131554002,-19.5127100182497
"ERR2851861Aligned.sortedByCoord.out.bam",10.3518819191777,-1.86919478902452
"ERR2851862Aligned.sortedByCoord.out.bam",9.77581113365525,-1.98497097024553
"ERR2851863Aligned.sortedByCoord.out.bam",9.08978646782273,1.36268277635939
"ERR2851864Aligned.sortedByCoord.out.bam",3.56350892570847,-0.332043869587115
"ERR2851866Aligned.sortedByCoord.out.bam",2.56267636803025,2.08605487814314
"ERR2851867Aligned.sortedByCoord.out.bam",2.67306321647996,4.74440057745344
"ERR2851870Aligned.sortedByCoord.out.bam",3.66706508186692,-0.149661971422366
"ERR2851872Aligned.sortedByCoord.out.bam",2.89764779594773,1.91001196375258
"ERR2851873Aligned.sortedByCoord.out.bam",-0.145797314373314,4.74358041754133
"ERR2851876Aligned.sortedByCoord.out.bam",8.16654199150437,-1.11249081620806
"ERR2851878Aligned.sortedByCoord.out.bam",1.60965651062363,2.16487319937117
"ERR2851882Aligned.sortedByCoord.out.bam",4.67702334907883,4.47932441702253
"ERR2851883Aligned.sortedByCoord.out.bam",7.58383554008836,2.43332655897505
"ERR2851885Aligned.sortedByCoord.out.bam",1.97474711922044,1.98007603159315
"ERR2851886Aligned.sortedByCoord.out.bam",7.48469632652634,2.4323950575865
"ERR2851887Aligned.sortedByCoord.out.bam",9.53762715843552,0.0684072690284932
"ERR2851889Aligned.sortedByCoord.out.bam",9.70787232902878,-0.845271511169604
"ERR2851891Aligned.sortedByCoord.out.bam",3.65850537804002,0.0352980809486592
"ERR2851893Aligned.sortedByCoord.out.bam",-0.968547346321404,3.2286585139311
"ERR2851897Aligned.sortedByCoord.out.bam",1.8197056629979,0.00505356753385905
"ERR2851899Aligned.sortedByCoord.out.bam",8.04671853569382,2.48693020811445
"ERR2851901Aligned.sortedByCoord.out.bam",1.92281812218064,0.0846583711183751
"ERR2851903Aligned.sortedByCoord.out.bam",8.220254836353,-0.839754982086352
"ERR2851906Aligned.sortedByCoord.out.bam",9.40954011467332,-1.54686872491472
"ERR2851909Aligned.sortedByCoord.out.bam",-0.454981746403038,3.08500726690657
"ERR2851910Aligned.sortedByCoord.out.bam",0.805236993106544,-0.799220545383624
"ERR2851911Aligned.sortedByCoord.out.bam",9.64766591575974,-1.63687865266436
"SLX.12168.N706_S504.C9JGJANXX.s_8.rAligned.sortedByCoord.out.bam",4.72268289116257,4.49840219488508
"SLX.12168.N706_S502.C9JGJANXX.s_8.rAligned.sortedByCoord.out.bam",-0.351901473728478,3.38008792868025
"SLX.12168.N706_S503.C9JGJANXX.s_8.rAligned.sortedByCoord.out.bam",-0.605923058716118,4.01681812277205
"SLX.12168.N704_S502.C9JGJANXX.s_8.rAligned.sortedByCoord.out.bam",8.19685643699998,2.44392092695601
"SLX.12168.N705_S517.C9JGJANXX.s_8.rAligned.sortedByCoord.out.bam",3.55051749733323,-0.106386868449382
"SLX.12168.N705_S502.C9JGJANXX.s_8.rAligned.sortedByCoord.out.bam",3.17479747322434,4.95766551962263
"SLX.12168.N704_S517.C9JGJANXX.s_8.rAligned.sortedByCoord.out.bam",8.97391980675095,1.60233493318922
"SLX.12168.N705_S504.C9JGJANXX.s_8.rAligned.sortedByCoord.out.bam",3.61822217491502,1.50012381544478
"SLX.12168.N703_S517.C9JGJANXX.s_8.rAligned.sortedByCoord.out.bam",8.05033391502732,2.51613862982161
"SLX.12168.N704_S503.C9JGJANXX.s_8.rAligned.sortedByCoord.out.bam",3.78337043312424,1.5834279822386
"SLX.12168.N703_S504.C9JGJANXX.s_8.rAligned.sortedByCoord.out.bam",7.37536901024216,1.89394541254408
"SLX.12168.N703_S503.C9JGJANXX.s_8.rAligned.sortedByCoord.out.bam",7.83077615288132,2.55513055792219
"SLX.10821.N706_N503.C854JANXX.s_7.rAligned.sortedByCoord.out.bam",3.94876092460984,1.94148822298414
"SLX.10821.N705_N503.C854JANXX.s_7.rAligned.sortedByCoord.out.bam",4.7044495919072,1.24105198850996
"SLX.10821.N703_N503.C854JANXX.s_7.rAligned.sortedByCoord.out.bam",9.60338872459763,-2.48520605096453
"SLX.12168.N702_S503.C9JGJANXX.s_8.rAligned.sortedByCoord.out.bam",1.1995200493657,2.26669629087813
"SLX.12168.N702_S504.C9JGJANXX.s_8.rAligned.sortedByCoord.out.bam",7.97697537926072,2.49441035261519
"SLX.10821.N702_N503.C854JANXX.s_7.rAligned.sortedByCoord.out.bam",3.92365449455613,1.67039509287245
"SLX.10821.N704_N502.C854JANXX.s_7.rAligned.sortedByCoord.out.bam",6.47920983818406,1.78781636228926
"SLX.10821.N705_N517.C854JANXX.s_7.rAligned.sortedByCoord.out.bam",9.39051717308396,-2.62428466806047
"SLX.10821.N704_N503.C854JANXX.s_7.rAligned.sortedByCoord.out.bam",1.69548481491441,2.06850321760542
"SLX.10821.N701_N502.C854JANXX.s_7.rAligned.sortedByCoord.out.bam",9.31811135795945,-0.313617898317507
"SLX.12168.N703_S502.C9JGJANXX.s_8.rAligned.sortedByCoord.out.bam",4.4402369835698,1.46051021089918
"SLX.10821.N706_N504.C854JANXX.s_7.rAligned.sortedByCoord.out.bam",4.27329343345994,1.73237975111372
"SLX.10821.N706_N502.C854JANXX.s_7.rAligned.sortedByCoord.out.bam",7.5003537514531,2.15250475874312
"SLX.12168.N701_S517.C9JGJANXX.s_8.rAligned.sortedByCoord.out.bam",8.66966336754197,2.00820572843916
"SLX.10821.N703_N502.C854JANXX.s_7.rAligned.sortedByCoord.out.bam",6.99537461784714,2.27817733755476
"SLX.10821.N701_N504.C854JANXX.s_7.rAligned.sortedByCoord.out.bam",3.64432090309495,2.08152373304732
"SLX.10821.N702_N502.C854JANXX.s_7.rAligned.sortedByCoord.out.bam",2.18393701103562,0.436944501308271
"SLX.12168.N701_S503.C9JGJANXX.s_8.rAligned.sortedByCoord.out.bam",3.37918036964768,1.75272746553785
"SLX.12168.N701_S504.C9JGJANXX.s_8.rAligned.sortedByCoord.out.bam",4.30038541344041,1.25304766168959
"SLX.10821.N705_N502.C854JANXX.s_7.rAligned.sortedByCoord.out.bam",3.82416528252,1.50426419248945
"SLX.10821.N703_N504.C854JANXX.s_7.rAligned.sortedByCoord.out.bam",4.37339633491868,3.74868996611006
"SLX.12168.N702_S517.C9JGJANXX.s_8.rAligned.sortedByCoord.out.bam",7.77596848991746,2.64584906568892
"SLX.10821.N701_N503.C854JANXX.s_7.rAligned.sortedByCoord.out.bam",7.66947549370164,2.5177119540251
"SLX.10821.N704_N504.C854JANXX.s_7.rAligned.sortedByCoord.out.bam",3.44993108299607,2.00578244200117
"SLX.10821.N705_N504.C854JANXX.s_7.rAligned.sortedByCoord.out.bam",7.09910577324265,2.24014623632795
"SLX.10821.N702_N517.C854JANXX.s_7.rAligned.sortedByCoord.out.bam",2.66588252571458,1.94816668501265
"SLX.10821.N706_N517.C854JANXX.s_7.rAligned.sortedByCoord.out.bam",4.23721498039597,1.2206989096678
"SLX.12168.N701_S502.C9JGJANXX.s_8.rAligned.sortedByCoord.out.bam",0.171454725536049,4.07559164038069
"CME25A7812760Aligned.sortedByCoord.out.bam.1",3.56614678886765,1.81596262922651
"CME25A7812757Aligned.sortedByCoord.out.bam.1",3.89951222923631,2.42702157965071
"CME25A7812759Aligned.sortedByCoord.out.bam.1",3.30061810997361,1.66984875669844
"CME25A7812758Aligned.sortedByCoord.out.bam.1",3.69554799583787,1.51819248667128
"CME25A7812761Aligned.sortedByCoord.out.bam.1",3.86289924171799,1.4745926426924
"CME25A7812756Aligned.sortedByCoord.out.bam.1",4.4931630471074,4.10276659002669
"CME25A7812749Aligned.sortedByCoord.out.bam.1",3.35369676140183,2.17080529203779
"CME25A7812754Aligned.sortedByCoord.out.bam.1",3.45444530037278,2.12761791220076
"CME25A7812745Aligned.sortedByCoord.out.bam.1",4.22128098991746,4.29182680120833
"CME25A7812755Aligned.sortedByCoord.out.bam.1",3.53608220604295,2.38728888502485
