"","tSNE_1","tSNE_2"
"CME25A7812760Aligned.sortedByCoord.out.bam",-13.9056063989613,7.62864327976218
"CME25A7812757Aligned.sortedByCoord.out.bam",6.39908044630841,-1.33214537042952
"CME25A7812759Aligned.sortedByCoord.out.bam",2.06830577559661,-3.16874532390502
"CME25A7812758Aligned.sortedByCoord.out.bam",-10.9896197052719,5.71248856143824
"CME25A7812761Aligned.sortedByCoord.out.bam",-21.0623976225481,-2.9416789910611
"CME25A7812756Aligned.sortedByCoord.out.bam",-23.1726521805012,-0.32466092519534
"CME25A7812749Aligned.sortedByCoord.out.bam",-12.6485204334819,6.15784473163217
"CME25A7812754Aligned.sortedByCoord.out.bam",-5.27811989503002,7.16201558076948
"CME25A7812745Aligned.sortedByCoord.out.bam",-10.4367531517483,4.92180414071646
"CME25A7812755Aligned.sortedByCoord.out.bam",-13.6603078344142,8.72212701430693
"CME25A7812753Aligned.sortedByCoord.out.bam",-23.5138018484012,-1.06713465490126
"CME25A7812750Aligned.sortedByCoord.out.bam",0.398155711085121,14.7804869125094
"CME25A7812747Aligned.sortedByCoord.out.bam",-23.8273280070613,-1.47701609197744
"CME25A7812751Aligned.sortedByCoord.out.bam",-24.46370545019,-1.92333683572175
"CME25A7812752Aligned.sortedByCoord.out.bam",-10.0003057169062,-1.01069308439291
"CME25A7812746Aligned.sortedByCoord.out.bam",-21.3700001782405,-3.1481040060257
"CME25A7812744Aligned.sortedByCoord.out.bam",-10.5893594781947,1.62539897782026
"CME25A7812742Aligned.sortedByCoord.out.bam",13.2855419818856,-2.20834182372171
"CME25A7812743Aligned.sortedByCoord.out.bam",-14.9550067084945,8.03847599396312
"CME25A7812715Aligned.sortedByCoord.out.bam",-0.706785635226349,13.7293975250506
"CME25A7812741Aligned.sortedByCoord.out.bam",12.6428830599819,-2.47402689930899
"CME25A7812740Aligned.sortedByCoord.out.bam",-15.1556406318942,8.24812853398734
"CME25A7812717Aligned.sortedByCoord.out.bam",0.20271390235054,15.6942546548474
"CME25A7812739Aligned.sortedByCoord.out.bam",14.146416364514,-3.29145981826839
"CME25A7812738Aligned.sortedByCoord.out.bam",13.1884727637736,-1.8947284158607
"CME25A7812737Aligned.sortedByCoord.out.bam",0.464392575559166,14.8228029956728
"CME25A7812724Aligned.sortedByCoord.out.bam",0.524047593884003,15.7006755968477
"CME25A7812734Aligned.sortedByCoord.out.bam",13.2200332432757,-1.72973675140737
"CME25A7812732Aligned.sortedByCoord.out.bam",14.1892307561224,-2.68219061961734
"CME25A7812736Aligned.sortedByCoord.out.bam",-24.148277022373,-1.07168039233348
"CME25A7812730Aligned.sortedByCoord.out.bam",13.0471263554114,-1.85301554167278
"CME25A7812735Aligned.sortedByCoord.out.bam",-23.6659242605749,-0.0834877960745881
"CME25A7812729Aligned.sortedByCoord.out.bam",-23.7012510810788,-0.134626033744448
"CME25A7812731Aligned.sortedByCoord.out.bam",-11.0339359108948,0.679409053496839
"CME25A7812733Aligned.sortedByCoord.out.bam",-11.8010938765328,4.93377374180375
"CME25A7812727Aligned.sortedByCoord.out.bam",-12.7496415704638,-0.809365518818839
"CME25A7812725Aligned.sortedByCoord.out.bam",-13.5597988916794,6.02447777087078
"CME25A7812728Aligned.sortedByCoord.out.bam",-12.7424252596609,3.30638865160161
"CME25A7812716Aligned.sortedByCoord.out.bam",-14.1703551035767,7.10902517333078
"CME25A7812722Aligned.sortedByCoord.out.bam",-11.8482668307882,3.96724360564979
"CME25A7812723Aligned.sortedByCoord.out.bam",1.42519196923327,0.691534445575727
"CME25A7812714Aligned.sortedByCoord.out.bam",-13.8954973339448,6.8480743293462
"CME25A7812718Aligned.sortedByCoord.out.bam",-12.3170699264076,3.29746233007687
"CME25A7812720Aligned.sortedByCoord.out.bam",2.17789261563724,11.9256755256238
"CME25A7812721Aligned.sortedByCoord.out.bam",15.0148606720414,-2.84025738874879
"CME25A7812710Aligned.sortedByCoord.out.bam",5.19425203693273,-1.47288649899998
"CME25A7812719Aligned.sortedByCoord.out.bam",14.4500832979185,-2.83392955775604
"CME25A7812713Aligned.sortedByCoord.out.bam",15.2177583822376,-2.75441395596053
"CME25A7812712Aligned.sortedByCoord.out.bam",12.1981907463387,2.51366520669842
"CME25A7812709Aligned.sortedByCoord.out.bam",1.38297464729629,0.735338419159867
"CME25A7812711Aligned.sortedByCoord.out.bam",-11.7156491691105,2.47230712376091
"CME25A7812707Aligned.sortedByCoord.out.bam",6.93543447932145,0.0312848405048725
"CME25A7812705Aligned.sortedByCoord.out.bam",7.07196283462315,0.216180351842239
"CME25A7812706Aligned.sortedByCoord.out.bam",3.33283494926907,5.85205948690715
"CME25A7812708Aligned.sortedByCoord.out.bam",-20.0543574363985,3.23021360873434
"CME25A7812699Aligned.sortedByCoord.out.bam",-12.7961800442517,2.73287467439721
"CME25A7812701Aligned.sortedByCoord.out.bam",-12.2402976146238,5.98126172130755
"CME25A7812703Aligned.sortedByCoord.out.bam",-10.9995233001308,5.7325067065611
"CME25A7812704Aligned.sortedByCoord.out.bam",-26.2000356021215,0.385993767549163
"CME25A7812679Aligned.sortedByCoord.out.bam",-24.7168199708304,0.42402601833685
"CME25A7812677Aligned.sortedByCoord.out.bam",-15.2258313578829,0.354511723342142
"CME25A7812678Aligned.sortedByCoord.out.bam",-5.30212006687803,11.1225504991493
"CME25A7812671Aligned.sortedByCoord.out.bam",-5.26524854649501,10.801447466398
"CME25A7812675Aligned.sortedByCoord.out.bam",-24.5637440457923,1.46552576496624
"CME25A7812674Aligned.sortedByCoord.out.bam",-24.3603511231442,1.56045478461787
"CME25A7812670Aligned.sortedByCoord.out.bam",-4.79463278032329,11.2002305129641
"CME25A7812669Aligned.sortedByCoord.out.bam",-5.11646388074042,12.7404365802094
"CME25A7799646Aligned.sortedByCoord.out.bam",-5.02209157984386,12.6949854677655
"CME25A7812668Aligned.sortedByCoord.out.bam",11.2918382527325,12.7545476608027
"CME25A7812667Aligned.sortedByCoord.out.bam",11.3879063025311,12.8023085538756
"CME25A7799647Aligned.sortedByCoord.out.bam",-4.87101638644355,11.1459870155838
"CME25A7799648Aligned.sortedByCoord.out.bam",-4.39462239084116,11.3013439408774
"CME25A7812666Aligned.sortedByCoord.out.bam",11.1020681436537,12.5888980732977
"CME25A7799643Aligned.sortedByCoord.out.bam",-24.4107748118976,1.3888340548422
"CME25A7799629Aligned.sortedByCoord.out.bam",-3.6452190402442,9.10727284861077
"CME25A7799645Aligned.sortedByCoord.out.bam",-6.78968311442122,10.9675894814938
"CME25A7799639Aligned.sortedByCoord.out.bam",-5.18166629067082,12.8689832874011
"CME25A7799644Aligned.sortedByCoord.out.bam",-26.2485952485948,-0.552067880676862
"CME25A7799641Aligned.sortedByCoord.out.bam",-17.7024076981801,-2.69370674849019
"CME25A7799642Aligned.sortedByCoord.out.bam",11.3988947942974,12.9422776896055
"CME25A7799636Aligned.sortedByCoord.out.bam",-4.57833172781089,11.1025004677744
"CME25A7799640Aligned.sortedByCoord.out.bam",-3.55533052486528,-1.7576744003408
"CME25A7799637Aligned.sortedByCoord.out.bam",-3.90801330948857,8.97239913015992
"CME25A7799638Aligned.sortedByCoord.out.bam",-19.9381683014648,4.34194824116328
"CME25A7799635Aligned.sortedByCoord.out.bam",11.2763615560158,12.8561405574047
"CME25A7799632Aligned.sortedByCoord.out.bam",11.0733316748627,12.5977502775949
"CME25A7799633Aligned.sortedByCoord.out.bam",-4.61932915819827,10.2269006598883
"CME25A7799631Aligned.sortedByCoord.out.bam",11.0661729514208,12.6171471562826
"CME25A7799634Aligned.sortedByCoord.out.bam",-4.88492100644735,9.13106359306368
"CME25A7799626Aligned.sortedByCoord.out.bam",11.0984370049132,12.7486350868083
"CME25A7799628Aligned.sortedByCoord.out.bam",-16.1461104150275,-0.370738639193418
"CME25A7799625Aligned.sortedByCoord.out.bam",-16.6502145903846,-2.98025841928262
"CME25A7799622Aligned.sortedByCoord.out.bam",6.26941540221519,-1.01311395476923
"CME25A7799623Aligned.sortedByCoord.out.bam",-11.154482232748,0.567865739182812
"CME25A7799615Aligned.sortedByCoord.out.bam",-21.7006087549308,1.46388476990295
"CME25A7799614Aligned.sortedByCoord.out.bam",-6.91608667998304,6.76161877283205
"CME25A7799616Aligned.sortedByCoord.out.bam",-20.0775656950043,4.32977578380843
"CME25A7799618Aligned.sortedByCoord.out.bam",-6.45745761925817,2.69422187002152
"CME25A7799612Aligned.sortedByCoord.out.bam",-5.90241151117604,0.646911092137887
"CME25A7799605Aligned.sortedByCoord.out.bam",-17.5421665783675,-2.00356112375877
"CME25A7799606Aligned.sortedByCoord.out.bam",-8.87966186980503,0.905317862258297
"CME25A7799611Aligned.sortedByCoord.out.bam",-26.6623668902113,-0.963424421399626
"CME25A7799603Aligned.sortedByCoord.out.bam",-6.31079422399516,5.56866516716669
"CME25A7799604Aligned.sortedByCoord.out.bam",-6.15901779071155,5.08814871221975
"CME25A7799608Aligned.sortedByCoord.out.bam",-4.4973123373873,5.22744439149477
"CME25A7799610Aligned.sortedByCoord.out.bam",-26.1056351964336,-0.691193944866236
"CME25A7799609Aligned.sortedByCoord.out.bam",2.95276556923277,-3.67799326560107
"CME25A7799598Aligned.sortedByCoord.out.bam",-11.4558399556158,8.70286876150853
"CME25A7799602Aligned.sortedByCoord.out.bam",-4.73942433165356,7.85496485997059
"CME25A7799601Aligned.sortedByCoord.out.bam",-10.2173866575868,9.77202142029178
"CME25A7799590Aligned.sortedByCoord.out.bam",3.32142672087717,-3.8954450328252
"CME25A7799600Aligned.sortedByCoord.out.bam",-5.57997498046723,4.79340519302906
"CME25A7799599Aligned.sortedByCoord.out.bam",-15.3316691743379,-3.85562136694827
"CME25A7799597Aligned.sortedByCoord.out.bam",-11.3967077852737,8.7132605681733
"CME25A7799594Aligned.sortedByCoord.out.bam",14.8634646785316,-3.38589674436815
"CME25A7799591Aligned.sortedByCoord.out.bam",-5.77589536075739,2.84018155757169
"CME25A7799588Aligned.sortedByCoord.out.bam",-5.69983072392173,2.76805893863605
"CME25A7799592Aligned.sortedByCoord.out.bam",-10.4300497311255,8.64905374445008
"CME25A7799593Aligned.sortedByCoord.out.bam",-2.65018628468035,6.42265275726978
"CME25A7799584Aligned.sortedByCoord.out.bam",15.3513302092536,-3.88808092241215
"CME25A7799589Aligned.sortedByCoord.out.bam",-6.38452923493031,6.91005891675412
"CME25A7799580Aligned.sortedByCoord.out.bam",-9.45266755474744,7.45712085742157
"CME25A7799583Aligned.sortedByCoord.out.bam",15.2475441028531,-3.79226661643938
"CME25A7799582Aligned.sortedByCoord.out.bam",-2.63898331875141,8.69233017395559
"CME25A7799585Aligned.sortedByCoord.out.bam",-6.49841510202341,7.24361483131494
"CME25A7799581Aligned.sortedByCoord.out.bam",-6.98066234921217,4.34403961512621
"CME25A7799586Aligned.sortedByCoord.out.bam",-25.8308177252797,-1.23087622355341
"CME25A7799579Aligned.sortedByCoord.out.bam",-9.36249774962796,7.4600323397019
"CME25A7799573Aligned.sortedByCoord.out.bam",-7.24494380828722,7.65431161381679
"CME25A7799577Aligned.sortedByCoord.out.bam",-9.23790117837458,0.133539282964208
"CME25A7799578Aligned.sortedByCoord.out.bam",-4.68274609039318,5.11809576086748
"CME25A7799571Aligned.sortedByCoord.out.bam",-11.2916178984196,8.93136726701659
"CME25A7799574Aligned.sortedByCoord.out.bam",-7.58456095297095,7.8442148840837
"CME25A7799575Aligned.sortedByCoord.out.bam",-23.1467818186135,1.23935046016529
"CME25A7799570Aligned.sortedByCoord.out.bam",-7.94734166295333,8.12440134098754
"CME25A7799560Aligned.sortedByCoord.out.bam",-11.1036276397867,8.55750037644415
"CME25A7799572Aligned.sortedByCoord.out.bam",-19.9920232124601,4.52180739136163
"CME25A7799569Aligned.sortedByCoord.out.bam",-6.34795511135476,6.83506198572986
"CME25A7799567Aligned.sortedByCoord.out.bam",-6.33707909831613,0.797271448868164
"CME25A7799568Aligned.sortedByCoord.out.bam",-9.98302762285257,10.0644315596046
"CME25A7799566Aligned.sortedByCoord.out.bam",-5.6011196109304,9.46429327440883
"CME25A7799565Aligned.sortedByCoord.out.bam",-6.8212454101459,1.27184109951504
"CME25A7799564Aligned.sortedByCoord.out.bam",-26.1505357580177,-1.28216717010726
"CME25A7799559Aligned.sortedByCoord.out.bam",-7.24403946711715,7.53933192054227
"CME25A7799562Aligned.sortedByCoord.out.bam",4.63248313258922,-2.79250680475604
"CME25A7799561Aligned.sortedByCoord.out.bam",-4.61631809382059,8.94702765667687
"CME25A7796092Aligned.sortedByCoord.out.bam",-18.1901830547482,-1.83099282826929
"CME25A7799557Aligned.sortedByCoord.out.bam",-7.75501673943391,4.61862785668423
"CME25A7799555Aligned.sortedByCoord.out.bam",6.23743340596343,-1.59013600325543
"CME25A7796088Aligned.sortedByCoord.out.bam",-4.93904667509728,7.11829887485389
"CME25A7796084Aligned.sortedByCoord.out.bam",-17.150480625335,-3.37953977937592
"CME25A7796087Aligned.sortedByCoord.out.bam",-17.0877775614345,-3.27058682612895
"CME25A7796089Aligned.sortedByCoord.out.bam",-21.0166226050026,3.64919816523408
"CME25A7796086Aligned.sortedByCoord.out.bam",-7.42467466901424,7.88115386191898
"CME25A7796081Aligned.sortedByCoord.out.bam",-22.4658588077223,1.87637742061938
"CME25A7796079Aligned.sortedByCoord.out.bam",-12.2334077109134,-0.298691312530329
"CME25A7796083Aligned.sortedByCoord.out.bam",-6.59093885699688,2.51736508291557
"CME25A7796082Aligned.sortedByCoord.out.bam",-20.2323646838263,4.69274556076802
"CME25A7796080Aligned.sortedByCoord.out.bam",-22.798325663833,2.23823570139703
"CME25A7796085Aligned.sortedByCoord.out.bam",-16.7086336284688,-2.58229910304943
"CME25A7796076Aligned.sortedByCoord.out.bam",-10.049918554255,4.82796035783814
"CME25A7796078Aligned.sortedByCoord.out.bam",-17.7146446249084,-4.23983501076618
"CME25A7796075Aligned.sortedByCoord.out.bam",-20.1864060240939,4.63582370924879
"CME25A7796077Aligned.sortedByCoord.out.bam",-16.1033943573039,-2.30450693842312
"CME25A7796074Aligned.sortedByCoord.out.bam",-20.2340612512325,4.67558615073593
"CME25A7796071Aligned.sortedByCoord.out.bam",-20.9443126359612,3.50587812961698
"CME25A7796072Aligned.sortedByCoord.out.bam",-13.2895910953147,4.10684729177258
"CME25A7796066Aligned.sortedByCoord.out.bam",-6.05918661904032,4.73074744497885
"CME25A7796067Aligned.sortedByCoord.out.bam",-17.9895691348022,-2.19998161361976
"CME25A7796068Aligned.sortedByCoord.out.bam",-24.2439919043584,-0.684815330238962
"CME25A7796069Aligned.sortedByCoord.out.bam",-14.3173071055146,3.65333101704108
"CME25A7796065Aligned.sortedByCoord.out.bam",-17.4602274286156,-4.51971561450113
"CME25A7796059Aligned.sortedByCoord.out.bam",-17.9463904570548,-2.11843739720138
"CME25A7796062Aligned.sortedByCoord.out.bam",-17.5034197087287,-1.42760144080186
"CME25A7796064Aligned.sortedByCoord.out.bam",-15.8840998245223,-3.6766603547288
"CME25A7796058Aligned.sortedByCoord.out.bam",-24.868309685092,-0.389798599322321
"CME25A7796063Aligned.sortedByCoord.out.bam",-17.6854465366928,-1.56811704567592
"CME25A7796056Aligned.sortedByCoord.out.bam",-9.7162230571583,4.94161102593735
"CME25A7796061Aligned.sortedByCoord.out.bam",-16.122645819383,-2.11791504985911
"CME25A7796049Aligned.sortedByCoord.out.bam",-5.99667708834239,5.99173297850181
"CME25A7796048Aligned.sortedByCoord.out.bam",11.5263305986496,12.9808479986945
"CME25A7796043Aligned.sortedByCoord.out.bam",11.5306076578471,12.9810145983952
"CME25A7796044Aligned.sortedByCoord.out.bam",11.4913468554878,13.0037710436767
"CME25A7796046Aligned.sortedByCoord.out.bam",11.5146204824114,13.1823980484801
"CME25A7796047Aligned.sortedByCoord.out.bam",11.5549595643801,13.187872090872
"CME25A7796042Aligned.sortedByCoord.out.bam",11.5624413698888,13.1720131231081
"CME25A7796039Aligned.sortedByCoord.out.bam",11.5337425843432,13.2081855310904
"CME25A7796045Aligned.sortedByCoord.out.bam",12.8752013720012,17.5735724391149
"CME25A7796038Aligned.sortedByCoord.out.bam",12.9764967902264,17.5009008122116
"CME25A7796036Aligned.sortedByCoord.out.bam",13.0294696298153,17.4936758918422
"CME25A7796041Aligned.sortedByCoord.out.bam",12.9866735424663,17.4844762312882
"CME25A7796040Aligned.sortedByCoord.out.bam",13.0567672748631,17.5011634250842
"CME25A7796037Aligned.sortedByCoord.out.bam",12.7118878535047,17.4065241786908
"CME25A7796034Aligned.sortedByCoord.out.bam",12.7382845095845,17.3861462834889
"CME25A7796032Aligned.sortedByCoord.out.bam",12.6847705781028,17.683687915159
"CME25A7796035Aligned.sortedByCoord.out.bam",12.6708049614311,17.662788001351
"CME25A7796031Aligned.sortedByCoord.out.bam",12.6276198075599,17.6787744098759
"CME25A7796030Aligned.sortedByCoord.out.bam",12.7299829181466,17.6226242442881
"CME25A7796033Aligned.sortedByCoord.out.bam",12.6036501661424,17.7204702054996
"CME25A7796029Aligned.sortedByCoord.out.bam",12.5861007257942,17.707391123048
"CME25A7796028Aligned.sortedByCoord.out.bam",12.6009341426853,17.6817412605726
"CME25A7796024Aligned.sortedByCoord.out.bam",12.7911569837213,17.6412041277399
"CME25A7796026Aligned.sortedByCoord.out.bam",18.0904701738274,19.391148833203
"CME25A7796021Aligned.sortedByCoord.out.bam",19.0893283866545,18.7587029736081
"CME25A7796023Aligned.sortedByCoord.out.bam",18.8465178729379,21.1270858774847
"CME25A7796025Aligned.sortedByCoord.out.bam",18.1959916536187,20.3402099922994
"CME25A7796027Aligned.sortedByCoord.out.bam",19.257151948525,19.1640270251471
"CME25A7796020Aligned.sortedByCoord.out.bam",18.0051267529296,20.4627846774359
"CME25A7796018Aligned.sortedByCoord.out.bam",18.2861064942532,17.9157560725796
"CME25A7796022Aligned.sortedByCoord.out.bam",19.0775641584514,19.3381623813321
"CME25A7796019Aligned.sortedByCoord.out.bam",18.3060649459113,20.7294638141646
"CME25A7796017Aligned.sortedByCoord.out.bam",18.6164640922223,20.0292249089466
"CME25A7796016Aligned.sortedByCoord.out.bam",19.1271217294136,19.2737056399031
"CME25A7796015Aligned.sortedByCoord.out.bam",18.4435185670173,19.0117338044765
"CME25A7796010Aligned.sortedByCoord.out.bam",18.6687449418356,18.9923076035993
"CME25A7796014Aligned.sortedByCoord.out.bam",18.6276006346942,18.438143001331
"CME25A7796013Aligned.sortedByCoord.out.bam",18.9862969470657,19.0361759549833
"CME25A7796008Aligned.sortedByCoord.out.bam",18.850295816734,19.4147684559142
"CME25A7796012Aligned.sortedByCoord.out.bam",18.6996196287691,18.0155597110961
"CME25A7796002Aligned.sortedByCoord.out.bam",18.1486904985994,19.7204476349611
"CME25A7796003Aligned.sortedByCoord.out.bam",18.786911653814,20.7158739942733
"CME25A7796004Aligned.sortedByCoord.out.bam",19.1468852991085,20.1971513501331
"CME25A7796006Aligned.sortedByCoord.out.bam",18.5221273848868,18.803724137589
"CME25A7796005Aligned.sortedByCoord.out.bam",17.9653661541421,18.5941279392466
"CME25A7796009Aligned.sortedByCoord.out.bam",17.9615365960708,22.0380981080233
"CME25A7796011Aligned.sortedByCoord.out.bam",17.8214823162776,21.9446807813017
"CME25A7796007Aligned.sortedByCoord.out.bam",17.510362161136,21.9795288954589
"CME25A7796000Aligned.sortedByCoord.out.bam",17.5359779741571,21.5552167200649
"CME25A7795998Aligned.sortedByCoord.out.bam",17.1529046321368,21.7251391032866
"CME25A7796001Aligned.sortedByCoord.out.bam",18.8860159430606,22.2291711589226
"CME25A7795997Aligned.sortedByCoord.out.bam",18.1103621686786,22.0344726146208
"CME25A7795996Aligned.sortedByCoord.out.bam",17.255918411844,21.6080262804106
"CME25A7795999Aligned.sortedByCoord.out.bam",18.1545767206101,22.0869164269401
"CME25A7795993Aligned.sortedByCoord.out.bam",17.572075961842,22.0216867460875
"CME25A7795992Aligned.sortedByCoord.out.bam",17.5043210766682,20.0104314191343
"CME25A7795991Aligned.sortedByCoord.out.bam",17.5703114967855,19.8330487794107
"CME25A7795994Aligned.sortedByCoord.out.bam",17.9751938339458,18.8332508115157
"CME25A7795995Aligned.sortedByCoord.out.bam",17.9882943382056,19.8199316634236
"CME25A7795988Aligned.sortedByCoord.out.bam",18.2986480691773,18.6084188289607
"CME25A7795987Aligned.sortedByCoord.out.bam",18.3715133251393,19.5833829700479
"CME25A7795989Aligned.sortedByCoord.out.bam",18.3544631549503,21.2665408673439
"CME25A7795990Aligned.sortedByCoord.out.bam",17.6644796080053,20.3108493971384
"CME25A7795986Aligned.sortedByCoord.out.bam",17.7983529177932,17.9881732018416
"CME25A7795983Aligned.sortedByCoord.out.bam",18.4254527707606,18.0080805687933
"CME25A7795985Aligned.sortedByCoord.out.bam",18.6116938722204,18.0174481137961
"CME25A7795984Aligned.sortedByCoord.out.bam",17.6071405115707,20.2548179223763
"CME25A7795981Aligned.sortedByCoord.out.bam",19.547516635516,21.1568739749097
"CME25A7795982Aligned.sortedByCoord.out.bam",19.7918891671563,21.3804178753685
"CME25A7795979Aligned.sortedByCoord.out.bam",18.6617363941964,20.2236056268239
"CME25A7795980Aligned.sortedByCoord.out.bam",18.9434117384402,20.0815439786055
"CME25A7795975Aligned.sortedByCoord.out.bam",18.6947533167203,17.2914232997175
"CME25A7795974Aligned.sortedByCoord.out.bam",19.1168724845504,21.2233378196492
"CME25A7795976Aligned.sortedByCoord.out.bam",17.9839226229782,18.6990128205666
"CME25A7795977Aligned.sortedByCoord.out.bam",19.4091300323938,20.2858053186751
"CME25A7795978Aligned.sortedByCoord.out.bam",18.776739329717,17.0755688913138
"CME25A7795972Aligned.sortedByCoord.out.bam",19.6827328292755,13.9385627816488
"CME25A7795971Aligned.sortedByCoord.out.bam",19.7518342378651,13.9635221510002
"CME25A7795968Aligned.sortedByCoord.out.bam",21.9699167754834,13.7110136811498
"CME25A7795973Aligned.sortedByCoord.out.bam",21.2405001703894,14.0603325324617
"CME25A7795969Aligned.sortedByCoord.out.bam",22.169672028593,12.796501408939
"CME25A7795967Aligned.sortedByCoord.out.bam",20.3037759581501,14.1508006164832
"CME25A7795966Aligned.sortedByCoord.out.bam",21.1032878978819,13.2098640153178
"CME25A7795970Aligned.sortedByCoord.out.bam",21.5940821892404,12.3770341125726
"CME25A7795965Aligned.sortedByCoord.out.bam",20.4271412465633,14.4975300152479
"CME25A7795963Aligned.sortedByCoord.out.bam",21.7134733184118,14.6825653146073
"CME25A7795962Aligned.sortedByCoord.out.bam",21.3925893023195,14.2574622420367
"CME25A7795964Aligned.sortedByCoord.out.bam",21.3401330685914,14.505252305018
"CME25A7795960Aligned.sortedByCoord.out.bam",22.052623539324,14.0940791915023
"CME25A7795957Aligned.sortedByCoord.out.bam",21.1784916259576,13.7164712251106
"CME25A7795958Aligned.sortedByCoord.out.bam",21.6386380741663,14.1617514634022
"CME25A7795959Aligned.sortedByCoord.out.bam",21.6960968035963,14.0234489488185
"CME25A7795961Aligned.sortedByCoord.out.bam",21.1671745727723,12.735379854631
"CME25A7795956Aligned.sortedByCoord.out.bam",21.7069083899851,15.0389923513404
"CME25A7795955Aligned.sortedByCoord.out.bam",22.1011243223736,14.8398537896109
"CME25A7795953Aligned.sortedByCoord.out.bam",20.5724716774703,15.2826121853031
"CME25A7795954Aligned.sortedByCoord.out.bam",20.4564279483994,14.4539356473327
"CME25A7795950Aligned.sortedByCoord.out.bam",21.6481443353175,13.2618527112446
"CME25A7795951Aligned.sortedByCoord.out.bam",20.5197315941134,15.9198623080479
"CME25A7795952Aligned.sortedByCoord.out.bam",20.0875222175643,14.7587345199679
"CME25A7795949Aligned.sortedByCoord.out.bam",20.7041381788646,13.9774958052179
"CME25A7795948Aligned.sortedByCoord.out.bam",20.3469613038824,16.9189172023006
"CME25A7795946Aligned.sortedByCoord.out.bam",20.8361180985429,12.9066884323128
"CME25A7795945Aligned.sortedByCoord.out.bam",20.4320840953528,12.7597403925399
"CME25A7795941Aligned.sortedByCoord.out.bam",20.7435356107248,13.257826029794
"CME25A7795944Aligned.sortedByCoord.out.bam",21.1541132756607,12.1528786375042
"CME25A7795940Aligned.sortedByCoord.out.bam",20.4403566679408,15.8534867658719
"CME25A7795947Aligned.sortedByCoord.out.bam",21.2300926890728,12.3014452463751
"CME25A7795942Aligned.sortedByCoord.out.bam",22.0141468466675,11.6255854682192
"CME25A7795939Aligned.sortedByCoord.out.bam",22.1992774010105,13.7322568040332
"CME25A7795943Aligned.sortedByCoord.out.bam",20.378358912203,15.0136605094128
"CME25A7795937Aligned.sortedByCoord.out.bam",20.9497026543837,13.8295789369144
"CME25A7795936Aligned.sortedByCoord.out.bam",20.9665996668973,12.5465111926894
"CME25A7795938Aligned.sortedByCoord.out.bam",21.6904820637995,13.5509762831314
"CME25A7795932Aligned.sortedByCoord.out.bam",20.4569785377208,15.0288034605316
"CME25A7795934Aligned.sortedByCoord.out.bam",20.4616070374119,16.6525320505259
"CME25A7795933Aligned.sortedByCoord.out.bam",22.2541869267144,14.0950285947485
"CME25A7795935Aligned.sortedByCoord.out.bam",21.1187881624643,11.9452755447876
"CME25A7795931Aligned.sortedByCoord.out.bam",14.1090212622784,-24.7011708889089
"CME25A7795930Aligned.sortedByCoord.out.bam",10.1629822894409,-19.9234692568367
"CME25A7795928Aligned.sortedByCoord.out.bam",12.6966622615587,-24.9290417665339
"CME25A7795929Aligned.sortedByCoord.out.bam",13.5004800949467,-24.1598947172478
"CME25A7795922Aligned.sortedByCoord.out.bam",13.9362596456115,-24.0176467292481
"CME25A7795925Aligned.sortedByCoord.out.bam",13.2587585240124,-25.3016389221003
"CME25A7795923Aligned.sortedByCoord.out.bam",12.3408345632539,-24.2139306004517
"CME25A7795927Aligned.sortedByCoord.out.bam",13.2007304672434,-25.1896393244381
"CME25A7795926Aligned.sortedByCoord.out.bam",13.1436873457455,-24.6166688274088
"CME25A7795924Aligned.sortedByCoord.out.bam",8.66395726137492,-18.7783023944382
"CME25A7795920Aligned.sortedByCoord.out.bam",13.7203443621248,-23.5525669042194
"CME25A7795918Aligned.sortedByCoord.out.bam",13.9802538489642,-24.7268747002293
"CME25A7795917Aligned.sortedByCoord.out.bam",12.8038003006753,-24.7150260876159
"CME25A7795921Aligned.sortedByCoord.out.bam",9.49793282495182,-19.2801129236817
"CME25A7795919Aligned.sortedByCoord.out.bam",12.9728741200113,-24.0392976352108
"CME25A7795915Aligned.sortedByCoord.out.bam",8.80832985277521,-19.0081490009952
"CME25A7795916Aligned.sortedByCoord.out.bam",9.300627236105,-19.6416788228886
"CME25A7795910Aligned.sortedByCoord.out.bam",13.983699274921,-24.4394650077515
"CME25A7795912Aligned.sortedByCoord.out.bam",13.7475931376953,-25.0926882714601
"CME25A7795913Aligned.sortedByCoord.out.bam",9.30415473155806,-19.2374854291729
"CME25A7795914Aligned.sortedByCoord.out.bam",8.70352973872977,-18.8952417969254
"CME25A7795909Aligned.sortedByCoord.out.bam",14.0548596780866,-23.8901982829402
"CME25A7795906Aligned.sortedByCoord.out.bam",14.1341525022368,-23.1776917052866
"CME25A7795908Aligned.sortedByCoord.out.bam",13.4984563136642,-24.9570986404609
"CME25A7795911Aligned.sortedByCoord.out.bam",13.4839312471892,-23.9849999493998
"CME25A7795907Aligned.sortedByCoord.out.bam",8.96772569667879,-18.6723400248985
"CME25A7795903Aligned.sortedByCoord.out.bam",13.32814693815,-24.8453778995337
"CME25A7795905Aligned.sortedByCoord.out.bam",8.55530671400493,-19.184993182105
"CME25A7795904Aligned.sortedByCoord.out.bam",13.4042769716459,-24.1648375642304
"CME25A7619454Aligned.sortedByCoord.out.bam",9.48019699038597,-19.302354052473
"CME25A7795902Aligned.sortedByCoord.out.bam",13.0754186886091,-23.6054244424803
"CME25A7619451Aligned.sortedByCoord.out.bam",12.74859659655,-25.6452252563541
"CME25A7619455Aligned.sortedByCoord.out.bam",14.103810604486,-25.4051934016329
"CME25A7619453Aligned.sortedByCoord.out.bam",8.87025128830489,-18.6503727226939
"CME25A7619450Aligned.sortedByCoord.out.bam",8.94276241050984,-19.0039309235736
"CME25A7619452Aligned.sortedByCoord.out.bam",13.6951566041369,-24.6318605549609
"CME25A7619449Aligned.sortedByCoord.out.bam",14.0553886835236,-25.3849950088376
"CME25A7619448Aligned.sortedByCoord.out.bam",13.6626254955367,-24.1267321345878
"CME25A7619444Aligned.sortedByCoord.out.bam",10.9652207465495,-23.8727148443452
"CME25A7619446Aligned.sortedByCoord.out.bam",10.7994808943854,-23.508454823977
"CME25A7619443Aligned.sortedByCoord.out.bam",10.4830930683352,-23.0042595357612
"CME25A7619447Aligned.sortedByCoord.out.bam",9.3047087249494,-20.5670460716785
"CME25A7619445Aligned.sortedByCoord.out.bam",12.0576717427502,-24.1896089231388
"CME25A7619440Aligned.sortedByCoord.out.bam",11.1045326209162,-22.5832601214304
"CME25A7619438Aligned.sortedByCoord.out.bam",10.9862009086035,-23.4047218333184
"CME25A7619439Aligned.sortedByCoord.out.bam",12.2537653857997,-23.6846610956204
"CME25A7619442Aligned.sortedByCoord.out.bam",11.2850994141552,-24.6679124376722
"CME25A7619441Aligned.sortedByCoord.out.bam",11.3731160112998,-23.888607959491
"CME25A7619436Aligned.sortedByCoord.out.bam",8.5940384822653,-19.9966703744382
"CME25A7619437Aligned.sortedByCoord.out.bam",9.50709837907936,-21.9319184494286
"CME25A7619433Aligned.sortedByCoord.out.bam",8.51573086597777,-20.03129125061
"CME25A7619432Aligned.sortedByCoord.out.bam",8.61576660202059,-20.7661912807686
"CME25A7619434Aligned.sortedByCoord.out.bam",11.5926789365677,-23.5669611451261
"CME25A7619435Aligned.sortedByCoord.out.bam",8.93188844757182,-20.2407117695919
"CME25A7619426Aligned.sortedByCoord.out.bam",12.1433164209744,-24.5749924452297
"CME25A7619427Aligned.sortedByCoord.out.bam",11.200710064558,-23.5406531338041
"CME25A7619429Aligned.sortedByCoord.out.bam",12.6994217806998,-24.2626306439304
"CME25A7619431Aligned.sortedByCoord.out.bam",12.1354448853552,-23.8377447152923
"CME25A7619430Aligned.sortedByCoord.out.bam",9.30015454422634,-21.6833085168207
"CME25A7619424Aligned.sortedByCoord.out.bam",11.0362295312125,-24.5620556693218
"CME25A7619428Aligned.sortedByCoord.out.bam",8.33728131470937,-20.3973036599533
"CME25A7619422Aligned.sortedByCoord.out.bam",11.6769092785316,-23.2418462628531
"CME25A7619423Aligned.sortedByCoord.out.bam",8.46993894176781,-20.7664858438214
"CME25A7619425Aligned.sortedByCoord.out.bam",10.9207811498493,-23.1049457032761
"CME25A7619419Aligned.sortedByCoord.out.bam",8.94084456310812,-20.0253050150063
"CME25A7619420Aligned.sortedByCoord.out.bam",8.5534718849211,-19.6028737314816
"CME25A7619418Aligned.sortedByCoord.out.bam",11.8900646776947,-23.6211532553394
"CME25A7619417Aligned.sortedByCoord.out.bam",9.01402051571401,-20.9762400442381
"CME25A7619421Aligned.sortedByCoord.out.bam",11.5680522396131,-22.9529189989392
"CME25A7619415Aligned.sortedByCoord.out.bam",8.7854608014336,-20.0561746912093
"CME25A7619414Aligned.sortedByCoord.out.bam",9.16963607881232,-21.0865877235672
"CME25A7619416Aligned.sortedByCoord.out.bam",9.01492374791099,-20.3783209028616
"CME25A7619411Aligned.sortedByCoord.out.bam",9.72088805064148,-21.7421857237004
"CME25A7619413Aligned.sortedByCoord.out.bam",11.9045068326552,-23.2362915734492
"CME25A7619410Aligned.sortedByCoord.out.bam",8.78298773735893,-20.3537585038552
"CME25A7619409Aligned.sortedByCoord.out.bam",11.3484742048931,-22.8606301781367
"CME25A7619405Aligned.sortedByCoord.out.bam",8.99516073579389,-20.7158592460209
"CME25A7619412Aligned.sortedByCoord.out.bam",8.36834472884955,-19.7280624895818
"CME25A7619367Aligned.sortedByCoord.out.bam",-19.1555256749866,5.45602845395042
"CME25A7619357Aligned.sortedByCoord.out.bam",12.463387115259,1.72463247393022
"CME25A7619358Aligned.sortedByCoord.out.bam",-6.08142559426176,0.583878630122508
"CME25A7619359Aligned.sortedByCoord.out.bam",-2.83987745041362,1.60607917764405
"CME25A7619356Aligned.sortedByCoord.out.bam",-18.0574637337263,-1.77647121087319
"CME25A7619354Aligned.sortedByCoord.out.bam",-0.582735609205806,-2.66350432521322
"CME25A7619355Aligned.sortedByCoord.out.bam",11.7222818777742,2.11067918338214
"CME25A7619352Aligned.sortedByCoord.out.bam",-24.3619716866301,0.0836710959266283
"CME25A7619346Aligned.sortedByCoord.out.bam",-25.6783514282343,-0.927161569877595
"CME25A7619347Aligned.sortedByCoord.out.bam",-5.45858898397592,7.14195432520672
"CME25A7619350Aligned.sortedByCoord.out.bam",13.3650649503159,1.16040674556882
"CME25A7619353Aligned.sortedByCoord.out.bam",-4.22399509931951,2.36981914305841
"CME25A7619348Aligned.sortedByCoord.out.bam",-24.9384214036651,-0.791978615196884
"CME25A7619351Aligned.sortedByCoord.out.bam",-24.3825113598642,0.180793191343983
"CME25A7619345Aligned.sortedByCoord.out.bam",0.674113704646857,-3.05975324177101
"CME25A7619341Aligned.sortedByCoord.out.bam",13.3558209455679,1.41759282290121
"CME25A7619344Aligned.sortedByCoord.out.bam",-25.3224457428689,-1.17028667003701
"CME25A7619343Aligned.sortedByCoord.out.bam",13.301066450548,1.14192653712108
"CME25A7619349Aligned.sortedByCoord.out.bam",-24.7682326941573,-0.862500161516779
"CME25A7619339Aligned.sortedByCoord.out.bam",13.8306399278417,-0.470275717487531
"CME25A7619342Aligned.sortedByCoord.out.bam",-9.07511173133822,0.491464525477892
"CME25A7619340Aligned.sortedByCoord.out.bam",13.4598010680454,1.27908083371195
"CME25A7619337Aligned.sortedByCoord.out.bam",-25.7192491907087,-0.453942207461573
"CME25A7619333Aligned.sortedByCoord.out.bam",-18.0275607592508,-2.37380806483897
"CME25A7619336Aligned.sortedByCoord.out.bam",13.6604648031671,1.08608251254317
"CME25A7619330Aligned.sortedByCoord.out.bam",13.1994699084517,0.573610694184791
"CME25A7619335Aligned.sortedByCoord.out.bam",3.05884839194854,5.71857456354537
"CME25A7619332Aligned.sortedByCoord.out.bam",-25.6982787707652,-0.587238439504823
"CME25A7619327Aligned.sortedByCoord.out.bam",13.7892114106051,0.833025322243496
"CME25A7619331Aligned.sortedByCoord.out.bam",-15.4407754599276,-3.6479980075911
"CME25A7619328Aligned.sortedByCoord.out.bam",-9.21001551148482,0.104385922170075
"CME25A7619326Aligned.sortedByCoord.out.bam",-17.3170556444276,-2.64575768721617
"CME25A7619323Aligned.sortedByCoord.out.bam",-3.16586342256654,-2.54197177838663
"CME25A7619325Aligned.sortedByCoord.out.bam",13.0883785238814,0.593236022598212
"CME25A7619324Aligned.sortedByCoord.out.bam",13.4592699111558,-0.381626950279136
"CME25A7619322Aligned.sortedByCoord.out.bam",-2.59034209990443,-2.51531037223143
"CME25A7619321Aligned.sortedByCoord.out.bam",-5.13026902130264,9.94631834754005
"CME25A7619315Aligned.sortedByCoord.out.bam",-16.676839127213,-2.87840327340403
"CME25A7619320Aligned.sortedByCoord.out.bam",-5.75784219775956,7.61530454681788
"CME25A7619319Aligned.sortedByCoord.out.bam",-6.96019714046523,7.37322493631246
"CME25A7619317Aligned.sortedByCoord.out.bam",0.736589758231245,5.58988732593908
"CME25A7619316Aligned.sortedByCoord.out.bam",-3.67852998970581,6.37115253633978
"CME25A7619314Aligned.sortedByCoord.out.bam",-2.8388307838039,-2.50681625684458
"CME25A7619312Aligned.sortedByCoord.out.bam",-7.19603976121286,2.5140709120511
"CME25A7619309Aligned.sortedByCoord.out.bam",-1.4681833144784,7.00075264547944
"CME25A7619310Aligned.sortedByCoord.out.bam",-2.88763739225092,-2.54237915189257
"CME25A7619306Aligned.sortedByCoord.out.bam",-17.9136361290809,-3.58260668084511
"CME25A7619308Aligned.sortedByCoord.out.bam",-17.0583182212822,-2.38347882447667
"CME25A7619305Aligned.sortedByCoord.out.bam",2.4615867356578,-3.51382531971495
"CME25A7619307Aligned.sortedByCoord.out.bam",-13.2783584767657,4.08228825061522
"CME25A7619302Aligned.sortedByCoord.out.bam",-26.038576158404,-0.691057303229483
"CME25A7619301Aligned.sortedByCoord.out.bam",-6.84771404695895,2.37441791226252
"CME25A7619303Aligned.sortedByCoord.out.bam",-25.6580719266956,-0.871437837129004
"CME25A7619298Aligned.sortedByCoord.out.bam",-11.5434283007563,8.32608744261196
"CME25A7619300Aligned.sortedByCoord.out.bam",-15.4697138551119,-0.216011586107827
"CME25A7619304Aligned.sortedByCoord.out.bam",-6.52743063638639,1.34597484929511
"CME25A7619299Aligned.sortedByCoord.out.bam",-5.94689341629173,2.44283000999285
"CME25A7619294Aligned.sortedByCoord.out.bam",-25.6707158548459,-0.393231792864536
"CME25A7619296Aligned.sortedByCoord.out.bam",-25.4091449453629,-0.414947096936227
"CME25A7619293Aligned.sortedByCoord.out.bam",-7.6486454102717,3.08761534927963
"CME25A7619295Aligned.sortedByCoord.out.bam",-6.78198016231089,7.34354141581232
"CME25A7619284Aligned.sortedByCoord.out.bam",-20.5104294000481,1.78584409629267
"CME25A7619291Aligned.sortedByCoord.out.bam",-15.4593709440231,-0.347207703862619
"CME25A7619286Aligned.sortedByCoord.out.bam",11.723575152593,2.18784899109115
"CME25A7619290Aligned.sortedByCoord.out.bam",1.19917108255929,-3.58884000783533
"CME25A7619282Aligned.sortedByCoord.out.bam",-1.11215608430686,-3.3234339329025
"CME25A7619285Aligned.sortedByCoord.out.bam",-1.4569061087867,-3.58075116503411
"CME25A7619281Aligned.sortedByCoord.out.bam",-1.74706694541013,-3.51364829903035
"CME25A7619289Aligned.sortedByCoord.out.bam",10.1162003023224,-1.96742469223203
"CME25A7619283Aligned.sortedByCoord.out.bam",-5.93726084366567,0.387701312069552
"CME25A7619280Aligned.sortedByCoord.out.bam",-4.34037250468173,2.67900173680527
"CME25A7619279Aligned.sortedByCoord.out.bam",-5.5380154220886,7.22225581384453
"CME25A7619277Aligned.sortedByCoord.out.bam",1.84122377125761,14.8484896900379
"CME25A7619274Aligned.sortedByCoord.out.bam",-5.62487946586225,0.191245636108258
"CME25A7619276Aligned.sortedByCoord.out.bam",-10.6561355878546,4.18604645822635
"CME25A7619272Aligned.sortedByCoord.out.bam",-10.7951741703929,5.30318950973991
"CME25A7619275Aligned.sortedByCoord.out.bam",13.8076704434036,-1.65037912765023
"CME25A7619271Aligned.sortedByCoord.out.bam",-11.1104126395368,3.94769252451229
"CME25A7619269Aligned.sortedByCoord.out.bam",-13.5442122350472,6.52639504176957
"CME25A7619273Aligned.sortedByCoord.out.bam",13.042847300365,-2.2898722950901
"CME25A7619270Aligned.sortedByCoord.out.bam",-24.4994658427738,-1.72007452177119
"CME25A7619265Aligned.sortedByCoord.out.bam",13.5161572518072,-3.81644858590979
"CME25A7619267Aligned.sortedByCoord.out.bam",-9.91947670543315,4.81901691149292
"CME25A7619268Aligned.sortedByCoord.out.bam",-0.511093113629349,11.4854223499159
"CME25A7619266Aligned.sortedByCoord.out.bam",-10.5090193846668,1.89980573305363
"CME25A7587400Aligned.sortedByCoord.out.bam",0.875172399149181,15.4663620443323
"CME25A7587403Aligned.sortedByCoord.out.bam",-14.2514982394334,7.16114208945784
"CME25A7619264Aligned.sortedByCoord.out.bam",-21.6436358787432,-2.54161313707935
"CME25A7587401Aligned.sortedByCoord.out.bam",-0.625836423635437,2.61852904307798
"CME25A7587399Aligned.sortedByCoord.out.bam",13.7288212081224,-3.62789301506931
"CME25A7587398Aligned.sortedByCoord.out.bam",-21.7029388690049,-2.74195864932732
"CME25A7587402Aligned.sortedByCoord.out.bam",3.42096684725722,5.34795733855745
"CME25A7587397Aligned.sortedByCoord.out.bam",-14.5424931650225,7.64225458942495
"CME25A7587396Aligned.sortedByCoord.out.bam",1.90361026878168,15.0484556188233
"CME25A7587392Aligned.sortedByCoord.out.bam",1.40149361696593,14.332449295117
"CME25A7587394Aligned.sortedByCoord.out.bam",1.39688639510731,14.3111368439003
"CME25A7587393Aligned.sortedByCoord.out.bam",13.9886480517077,-3.35788630325295
"CME25A7587395Aligned.sortedByCoord.out.bam",-12.7428615649519,-0.761857414563717
"CME25A7587388Aligned.sortedByCoord.out.bam",-14.1040080906974,6.93131853709314
"CME25A7587391Aligned.sortedByCoord.out.bam",13.4648767496796,-2.7339908596363
"CME25A7587389Aligned.sortedByCoord.out.bam",-0.466506956898315,1.81570729813671
"CME25A7587390Aligned.sortedByCoord.out.bam",1.66341044236964,15.15386369672
"CME25A7587386Aligned.sortedByCoord.out.bam",-13.9147211695392,7.60725069792471
"CME25A7587376Aligned.sortedByCoord.out.bam",2.03658184540822,11.3194991935083
"CME25A7587385Aligned.sortedByCoord.out.bam",-13.2826898284763,6.40116088820989
"CME25A7587387Aligned.sortedByCoord.out.bam",-22.2142836072213,-2.78250535566728
"CME25A7587380Aligned.sortedByCoord.out.bam",12.7828303533338,-3.32028181029111
"CME25A7587383Aligned.sortedByCoord.out.bam",0.632948515270607,15.6090435418135
"CME25A7587382Aligned.sortedByCoord.out.bam",13.846644290798,-1.62854333754636
"CME25A7587377Aligned.sortedByCoord.out.bam",-21.4965299433883,-3.04954939649182
"CME25A7587384Aligned.sortedByCoord.out.bam",-5.4951095278933,1.80077966537988
"CME25A7587379Aligned.sortedByCoord.out.bam",14.2953308334743,0.965152958555851
"CME25A7587375Aligned.sortedByCoord.out.bam",14.0005126528846,0.776458821529646
"CME25A7587369Aligned.sortedByCoord.out.bam",-21.142315082522,-3.05749425234546
"CME25A7587373Aligned.sortedByCoord.out.bam",14.3649343162532,0.577146202878955
"CME25A7587374Aligned.sortedByCoord.out.bam",-9.54775639420466,1.52886710865232
"CME25A7587370Aligned.sortedByCoord.out.bam",-11.6730933559264,5.20633630242207
"CME25A7587368Aligned.sortedByCoord.out.bam",-11.361230141446,5.45772718431742
"CME25A7587372Aligned.sortedByCoord.out.bam",-10.4184053314965,3.98045313371864
"CME25A7587371Aligned.sortedByCoord.out.bam",1.4439524496553,14.6930676317347
"CME25A7587362Aligned.sortedByCoord.out.bam",-19.6538797296547,-4.49259804822968
"CME25A7587367Aligned.sortedByCoord.out.bam",0.577891072947747,-24.2253733134674
"CME25A7587366Aligned.sortedByCoord.out.bam",-0.732423548111477,-24.5668059634076
"CME25A7587361Aligned.sortedByCoord.out.bam",-2.33803576643192,-25.2463859136572
"CME25A7587365Aligned.sortedByCoord.out.bam",-0.00102474780915484,-26.1646182655657
"CME25A7587364Aligned.sortedByCoord.out.bam",0.839708388564681,-24.3830764691103
"CME25A7587363Aligned.sortedByCoord.out.bam",-0.510822197627122,-24.9390469853966
"CME25A7587360Aligned.sortedByCoord.out.bam",1.7088729166264,-26.784808722255
"CME25A7587359Aligned.sortedByCoord.out.bam",0.739469536916612,-24.1438822287945
"CME25A7587354Aligned.sortedByCoord.out.bam",0.550399478698976,-27.0975861925188
"CME25A7587358Aligned.sortedByCoord.out.bam",0.978569092209219,-27.3598751758265
"CME25A7587352Aligned.sortedByCoord.out.bam",0.326782491427756,-26.7053132888731
"CME25A7587353Aligned.sortedByCoord.out.bam",0.439695242367606,-27.3580768482417
"CME25A7587357Aligned.sortedByCoord.out.bam",0.241369723198408,-27.2338008818066
"CME25A7587356Aligned.sortedByCoord.out.bam",-0.413634980925831,-27.2558358812523
"CME25A7587355Aligned.sortedByCoord.out.bam",-0.835023807897503,-27.2416881423607
"CME25A7587351Aligned.sortedByCoord.out.bam",1.03767509367253,-26.9726522137988
"CME25A7587346Aligned.sortedByCoord.out.bam",-0.184191783696438,-27.6825438069883
"CME25A7587348Aligned.sortedByCoord.out.bam",-0.119834382101375,-27.7704315974472
"CME25A7587349Aligned.sortedByCoord.out.bam",0.886466621093588,-26.7565529058014
"CME25A7587345Aligned.sortedByCoord.out.bam",-1.39360369123879,-27.7488656545143
"CME25A7587350Aligned.sortedByCoord.out.bam",-0.191934402305093,-27.8281800074025
"CME25A7587347Aligned.sortedByCoord.out.bam",0.32506985591095,-27.9660680874072
"CME25A7587344Aligned.sortedByCoord.out.bam",-1.64731597830613,-27.1156916209938
"CME25A7587343Aligned.sortedByCoord.out.bam",-0.731135368080949,-26.7254972916428
"CME25A7587340Aligned.sortedByCoord.out.bam",-0.00411719219035966,-28.377243195563
"CME25A7587342Aligned.sortedByCoord.out.bam",0.525984570676941,-27.6501255504465
"CME25A7587341Aligned.sortedByCoord.out.bam",0.115175289142467,-27.8767150225649
"CME25A7587339Aligned.sortedByCoord.out.bam",1.6812239551967,-25.9881490179739
"CME25A7587338Aligned.sortedByCoord.out.bam",0.848367646602745,-26.6921043269098
"CME25A7587337Aligned.sortedByCoord.out.bam",0.620290095102127,-26.2876608576826
"CME25A7587336Aligned.sortedByCoord.out.bam",-0.305370445221734,-26.1651341708284
"CME25A7587335Aligned.sortedByCoord.out.bam",3.47855367666867,-24.880956161109
"CME25A7587331Aligned.sortedByCoord.out.bam",-1.2929258916764,-25.8826143852518
"CME25A7587334Aligned.sortedByCoord.out.bam",-1.11063411250559,-25.2666791203459
"CME25A7587330Aligned.sortedByCoord.out.bam",6.1742919960118,-24.064722696894
"CME25A7587328Aligned.sortedByCoord.out.bam",-2.49526867614525,-26.9987377796441
"CME25A7587333Aligned.sortedByCoord.out.bam",0.0967075351187442,-25.6958579276481
"CME25A7587329Aligned.sortedByCoord.out.bam",-0.504034705319388,-26.4785028330663
"CME25A7587332Aligned.sortedByCoord.out.bam",-1.09282292297839,-26.1822780100657
"CME25A7587327Aligned.sortedByCoord.out.bam",-0.124294967031276,-26.2172542204622
"CME25A7587323Aligned.sortedByCoord.out.bam",6.52722994732762,-23.887917370322
"CME25A7587324Aligned.sortedByCoord.out.bam",-0.492006133948825,-26.0338510745495
"CME25A7587326Aligned.sortedByCoord.out.bam",5.95505021196608,-24.1304227862434
"CME25A7587325Aligned.sortedByCoord.out.bam",-1.19722176283409,-27.0776603489878
"CME25A7587321Aligned.sortedByCoord.out.bam",0.634522148460218,-25.0448758115981
"CME25A7587314Aligned.sortedByCoord.out.bam",-0.0391428844658104,-24.6117304998384
"CME25A7587322Aligned.sortedByCoord.out.bam",0.00182512918884481,-25.6514655372227
"CME25A7587319Aligned.sortedByCoord.out.bam",-0.952020827234823,-25.8181748926641
"CME25A7587320Aligned.sortedByCoord.out.bam",-2.8659983142461,-26.3839830262741
"CME25A7587318Aligned.sortedByCoord.out.bam",-3.07282842997243,-26.2830659408244
"CME25A7587315Aligned.sortedByCoord.out.bam",-0.659403030216185,-26.5782811500985
"CME25A7587313Aligned.sortedByCoord.out.bam",0.441185704546219,-25.8688852152287
"CME25A7587309Aligned.sortedByCoord.out.bam",0.322904139556901,-25.521891266359
"CME25A7587317Aligned.sortedByCoord.out.bam",-1.42352427937205,-26.6642305841633
"CME25A7587316Aligned.sortedByCoord.out.bam",-1.08632315750127,-25.2166093036778
"CME25A7587312Aligned.sortedByCoord.out.bam",7.35923996722192,-23.2462113305335
"CME25A7587311Aligned.sortedByCoord.out.bam",7.71699083270365,-22.9493503819587
"CME25A7587310Aligned.sortedByCoord.out.bam",2.73041170930248,-25.2695145917535
"CME25A7587307Aligned.sortedByCoord.out.bam",7.61663675952672,-22.934721069922
"CME25A7587304Aligned.sortedByCoord.out.bam",9.67057398238486,-24.5359807570974
"CME25A7587308Aligned.sortedByCoord.out.bam",7.48824159643707,-22.955365422942
"CME25A7587305Aligned.sortedByCoord.out.bam",4.0163165350545,-24.6799033775493
"CME25A7587306Aligned.sortedByCoord.out.bam",7.51730930195644,-23.063978682374
"CME25A7587300Aligned.sortedByCoord.out.bam",7.70918431727785,-22.816247106348
"CME25A7587299Aligned.sortedByCoord.out.bam",1.06770560788485,-25.4205423500458
"CME25A7587302Aligned.sortedByCoord.out.bam",-3.41865269405906,-26.2151327550571
"CME25A7587303Aligned.sortedByCoord.out.bam",-0.0458619571748195,-24.2783094329844
"CME25A7587301Aligned.sortedByCoord.out.bam",-0.111765901787092,-23.9962941259306
"CME25A7587298Aligned.sortedByCoord.out.bam",0.394967163511871,-26.1405380710768
"CME25A7587297Aligned.sortedByCoord.out.bam",-2.2695343328402,-25.2510306659969
"CME25A7587295Aligned.sortedByCoord.out.bam",-0.640297537212738,-26.8195889314229
"CME25A7587293Aligned.sortedByCoord.out.bam",-0.855656875433672,-25.8873361529217
"CME25A7587294Aligned.sortedByCoord.out.bam",-1.28398455772137,-24.5664455946914
"CME25A7587275Aligned.sortedByCoord.out.bam",11.4250612384999,-1.56192473842174
"CME25A7587278Aligned.sortedByCoord.out.bam",2.59160131956034,-0.147918800879428
"CME25A7587276Aligned.sortedByCoord.out.bam",-13.6526046045124,3.85584156385974
"CME25A7587274Aligned.sortedByCoord.out.bam",3.37433834173891,2.52340069466992
"CME25A7587273Aligned.sortedByCoord.out.bam",2.01786088352154,-1.75912356585332
"CME25A7587272Aligned.sortedByCoord.out.bam",1.80996347088191,-2.01516635883064
"CME25A7587265Aligned.sortedByCoord.out.bam",2.16060696685799,1.95859228708801
"CME25A7587270Aligned.sortedByCoord.out.bam",11.9558518455229,-1.50281805764351
"CME25A7587267Aligned.sortedByCoord.out.bam",-12.2068228861275,4.49475328297058
"CME25A7587261Aligned.sortedByCoord.out.bam",3.08383743069242,1.59824477372635
"CME25A7587264Aligned.sortedByCoord.out.bam",1.57808794944466,-1.49195091526118
"CME25A7587269Aligned.sortedByCoord.out.bam",-1.63803841175261,0.728245299635176
"CME25A7587271Aligned.sortedByCoord.out.bam",5.16955703979303,-2.12364930556611
"CME25A7587268Aligned.sortedByCoord.out.bam",11.2400523710437,-2.12788369561562
"CME25A7587266Aligned.sortedByCoord.out.bam",0.997210517903435,3.16216984582794
"CME25A7587263Aligned.sortedByCoord.out.bam",3.24746352906344,4.28212699759365
"CME25A7587262Aligned.sortedByCoord.out.bam",0.493397288756856,14.6875828066336
"CME25A7587260Aligned.sortedByCoord.out.bam",2.37737376322264,0.437496598432842
"CME25A7587259Aligned.sortedByCoord.out.bam",-1.67331948470739,0.825053873529777
"CME25A7587255Aligned.sortedByCoord.out.bam",5.34919124442642,-2.40283318642654
"CME25A7587257Aligned.sortedByCoord.out.bam",3.53662809564596,6.12843363024832
"CME25A7587258Aligned.sortedByCoord.out.bam",0.58029357080038,12.2155217412222
"CME25A7587256Aligned.sortedByCoord.out.bam",-1.06678728088911,0.743033666782638
"CME25A7587253Aligned.sortedByCoord.out.bam",-13.4399526763203,4.84773460991112
"CME25A7587252Aligned.sortedByCoord.out.bam",-0.753600604284565,13.9713009900994
"CME25A7587251Aligned.sortedByCoord.out.bam",-1.40384003802602,0.837681044750501
"CME25A7587248Aligned.sortedByCoord.out.bam",5.19138419426522,-2.10617604558602
"CME25A7587254Aligned.sortedByCoord.out.bam",1.13463248581312,13.4951427190918
"CME25A7587249Aligned.sortedByCoord.out.bam",1.97358664510004,3.80499491744945
"CME25A7587250Aligned.sortedByCoord.out.bam",0.765612342041239,6.10797182892199
"CME25A7587242Aligned.sortedByCoord.out.bam",-13.5937875362022,4.86381359090927
"CME25A7587244Aligned.sortedByCoord.out.bam",-0.631833080518105,14.2877266737442
"CME25A7587240Aligned.sortedByCoord.out.bam",-2.00156530177063,0.641536182790046
"CME25A7587247Aligned.sortedByCoord.out.bam",10.8661241630073,-2.36822994314436
"CME25A7587246Aligned.sortedByCoord.out.bam",1.25572199677453,12.6380733085684
"CME25A7587241Aligned.sortedByCoord.out.bam",-1.03305881263893,5.59791512348416
"CME25A7587245Aligned.sortedByCoord.out.bam",12.7536838902594,-2.693232281227
"CME25A7587243Aligned.sortedByCoord.out.bam",-0.612322531100977,11.4868907374404
"CME25A7587239Aligned.sortedByCoord.out.bam",11.5749713937428,-2.58402378084007
"CME25A7587218Aligned.sortedByCoord.out.bam",1.61612221800375,12.7367967947903
"CME25A7587227Aligned.sortedByCoord.out.bam",2.36730762267623,5.4807372266016
"CME25A7587230Aligned.sortedByCoord.out.bam",12.2062104687059,-2.02638290894383
"CME25A7587228Aligned.sortedByCoord.out.bam",0.798134171967998,13.948993517759
"CME25A7587232Aligned.sortedByCoord.out.bam",12.938054585459,-2.78333422167925
"CME25A7587237Aligned.sortedByCoord.out.bam",-2.01025383203309,0.660881767321418
"CME25A7587238Aligned.sortedByCoord.out.bam",11.3399891615538,-2.46169306672465
"CME25A7587236Aligned.sortedByCoord.out.bam",1.3228251482269,13.139656033479
"CME25A7587234Aligned.sortedByCoord.out.bam",10.8911111773767,-2.82425464745763
"CME25A7587233Aligned.sortedByCoord.out.bam",11.4711002646965,-2.86544262590639
"CME25A7587235Aligned.sortedByCoord.out.bam",0.279310530108874,14.1612112882126
"CME25A7587226Aligned.sortedByCoord.out.bam",-0.555824099886212,0.643368368201104
"CME25A7587231Aligned.sortedByCoord.out.bam",11.8424106169041,-1.5603140870598
"CME25A7587229Aligned.sortedByCoord.out.bam",1.40179024482125,13.2589721426108
"CME25A7587225Aligned.sortedByCoord.out.bam",4.0078980398193,5.60250205234527
"CME25A7587223Aligned.sortedByCoord.out.bam",4.09132285427361,4.83680051378926
"CME25A7587224Aligned.sortedByCoord.out.bam",12.6117172354349,-1.25174930724961
"CME25A7587222Aligned.sortedByCoord.out.bam",11.153058720092,-1.11916405529647
"CME25A7587217Aligned.sortedByCoord.out.bam",1.47382724143563,13.0469351254625
"CME25A7587220Aligned.sortedByCoord.out.bam",-0.614979526729653,10.9329834763798
"CME25A7587219Aligned.sortedByCoord.out.bam",2.26823646765853,5.53814677514508
"CME25A7587221Aligned.sortedByCoord.out.bam",12.2978480466529,-2.86872362499275
"CME25A7587216Aligned.sortedByCoord.out.bam",-0.433127048229463,14.3188164114575
"CME25A7587215Aligned.sortedByCoord.out.bam",-0.834154277315045,-0.326363784621953
"CME25A7587214Aligned.sortedByCoord.out.bam",12.3563484740553,-0.931187933506672
"CME25A7587213Aligned.sortedByCoord.out.bam",1.92007979652018,12.3708312435382
"CME25A7587212Aligned.sortedByCoord.out.bam",0.454397988051555,0.441797622715166
"ERR2851716Aligned.sortedByCoord.out.bam",1.64415743161846,1.38674053646323
"ERR2851717Aligned.sortedByCoord.out.bam",11.9321647127893,-2.2405952683882
"ERR2851718Aligned.sortedByCoord.out.bam",1.61120691841203,-0.874751641248695
"ERR2851719Aligned.sortedByCoord.out.bam",-0.935990143344548,-2.06489058773052
"ERR2851720Aligned.sortedByCoord.out.bam",3.66836091766117,6.17473877749782
"ERR2851721Aligned.sortedByCoord.out.bam",1.50299734061802,12.1322608321384
"ERR2851722Aligned.sortedByCoord.out.bam",7.70942740722511,0.468474573770944
"ERR2851723Aligned.sortedByCoord.out.bam",4.81319065599237,0.526045586311996
"ERR2851724Aligned.sortedByCoord.out.bam",-3.48959975973624,7.12358002935187
"ERR2851725Aligned.sortedByCoord.out.bam",1.68468111198902,-1.83612848424288
"ERR2851726Aligned.sortedByCoord.out.bam",-0.783096268701842,5.18586305116188
"ERR2851727Aligned.sortedByCoord.out.bam",2.77486262149278,1.63851973434
"ERR2851728Aligned.sortedByCoord.out.bam",0.247524958802384,1.39726217932916
"ERR2851729Aligned.sortedByCoord.out.bam",-11.9564415944642,5.90079171924007
"ERR2851730Aligned.sortedByCoord.out.bam",3.95212673897292,5.17932441500624
"ERR2851731Aligned.sortedByCoord.out.bam",-0.135586130695338,3.45963513956237
"ERR2851732Aligned.sortedByCoord.out.bam",-1.50111023966179,4.71348576913119
"ERR2851733Aligned.sortedByCoord.out.bam",2.19052876594124,-3.39361376161229
"ERR2851734Aligned.sortedByCoord.out.bam",0.693934905573118,0.927878404687144
"ERR2851735Aligned.sortedByCoord.out.bam",0.649303077846611,-1.12193172251737
"ERR2851736Aligned.sortedByCoord.out.bam",1.33520294459516,-1.02352140138533
"ERR2851737Aligned.sortedByCoord.out.bam",-1.54735081590882,4.52062206379091
"ERR2851738Aligned.sortedByCoord.out.bam",0.546466103824896,-0.485366990334997
"ERR2851739Aligned.sortedByCoord.out.bam",-0.499691925149389,3.65461980544711
"ERR2851740Aligned.sortedByCoord.out.bam",-0.26854622034026,10.8966988446261
"ERR2851741Aligned.sortedByCoord.out.bam",0.245804645095933,-0.692258955500076
"ERR2851742Aligned.sortedByCoord.out.bam",0.983454002073457,-0.89136637867839
"ERR2851743Aligned.sortedByCoord.out.bam",-0.705164435512058,2.91335854190335
"ERR2851744Aligned.sortedByCoord.out.bam",-14.4004216358208,7.18671155048257
"ERR2851745Aligned.sortedByCoord.out.bam",-1.84383317385666,-0.113794159971303
"ERR2851746Aligned.sortedByCoord.out.bam",-1.44304315533642,5.92247212758968
"ERR2851747Aligned.sortedByCoord.out.bam",1.77395712592847,0.122205876258765
"ERR2851748Aligned.sortedByCoord.out.bam",-1.45065544663686,5.12437429279106
"ERR2851749Aligned.sortedByCoord.out.bam",1.25085372519118,3.25563307395011
"ERR2851750Aligned.sortedByCoord.out.bam",0.379728312728051,3.41272376566221
"ERR2851751Aligned.sortedByCoord.out.bam",-1.68511364412414,0.141674190099448
"ERR2851752Aligned.sortedByCoord.out.bam",1.71624410585154,-0.339405095241828
"ERR2851753Aligned.sortedByCoord.out.bam",0.664805826273334,-1.58570831950044
"ERR2851754Aligned.sortedByCoord.out.bam",-2.04018249706596,1.49263181334058
"ERR2851755Aligned.sortedByCoord.out.bam",-0.0802353358984883,2.44379047727798
"ERR2851756Aligned.sortedByCoord.out.bam",-0.547952793925338,3.23435286857912
"ERR2851757Aligned.sortedByCoord.out.bam",-0.863943972750532,13.6642889530154
"ERR2851758Aligned.sortedByCoord.out.bam",0.09194939490726,3.15126922557269
"ERR2851759Aligned.sortedByCoord.out.bam",-1.34133408825025,-0.0978703364441052
"ERR2851760Aligned.sortedByCoord.out.bam",-0.779373448076587,13.5698391441576
"ERR2851761Aligned.sortedByCoord.out.bam",0.878369893410805,0.46082952572158
"ERR2851762Aligned.sortedByCoord.out.bam",0.531569370573805,-1.36419283084777
"ERR2851763Aligned.sortedByCoord.out.bam",-12.6978772141718,3.41757457376969
"ERR2851764Aligned.sortedByCoord.out.bam",0.216203322060463,5.51276486512741
"ERR2851765Aligned.sortedByCoord.out.bam",-1.17225294933814,8.45986033323146
"ERR2851766Aligned.sortedByCoord.out.bam",-0.114473388723081,3.34580500585524
"ERR2851767Aligned.sortedByCoord.out.bam",0.587672879344207,-0.586945932799232
"ERR2851768Aligned.sortedByCoord.out.bam",1.97482888761949,0.633619822578415
"ERR2851769Aligned.sortedByCoord.out.bam",0.494801133208169,0.253957975254378
"ERR2851770Aligned.sortedByCoord.out.bam",-0.373110214118969,0.708667179730102
"ERR2851771Aligned.sortedByCoord.out.bam",0.941168514098995,13.8459113574343
"ERR2851772Aligned.sortedByCoord.out.bam",-0.234481326668536,3.81207540396422
"ERR2851773Aligned.sortedByCoord.out.bam",0.0728831473114668,4.16197988133719
"ERR2851774Aligned.sortedByCoord.out.bam",-13.1179488296389,3.24074685856241
"ERR2851775Aligned.sortedByCoord.out.bam",3.65204648854376,1.20456639416009
"ERR2851776Aligned.sortedByCoord.out.bam",-0.250287763407021,3.80775601790444
"ERR2851777Aligned.sortedByCoord.out.bam",-25.1568061135382,-1.44125321087652
"ERR2851778Aligned.sortedByCoord.out.bam",1.71945333089497,1.3538215103108
"ERR2851779Aligned.sortedByCoord.out.bam",2.95338475581539,0.243803750717478
"ERR2851780Aligned.sortedByCoord.out.bam",-0.770619823451431,5.14085618240479
"ERR2851781Aligned.sortedByCoord.out.bam",-26.216026224845,-1.39578691315682
"ERR2851782Aligned.sortedByCoord.out.bam",2.14316516669275,0.815024495959205
"ERR2851783Aligned.sortedByCoord.out.bam",0.140650632388384,-1.05282137411795
"ERR2851784Aligned.sortedByCoord.out.bam",-10.91269566361,5.60524536212237
"ERR2851785Aligned.sortedByCoord.out.bam",2.39621365495291,-1.12770350440788
"ERR2851786Aligned.sortedByCoord.out.bam",12.0677435094757,1.18522350029315
"ERR2851787Aligned.sortedByCoord.out.bam",12.9771875226037,-0.952945065021921
"ERR2851788Aligned.sortedByCoord.out.bam",-6.87872177292115,-5.2784172860047
"ERR2851790Aligned.sortedByCoord.out.bam",-6.8843401652318,-5.27217194609724
"ERR2851791Aligned.sortedByCoord.out.bam",-20.233933506256,2.53517532493784
"ERR2851792Aligned.sortedByCoord.out.bam",3.07846369401851,0.793959652530332
"ERR2851793Aligned.sortedByCoord.out.bam",7.4568128637356,0.291666780199278
"ERR2851794Aligned.sortedByCoord.out.bam",11.7720057514284,-2.34706309827815
"ERR2851795Aligned.sortedByCoord.out.bam",-6.91489463045432,-5.28357993893502
"ERR2851796Aligned.sortedByCoord.out.bam",-23.5718608177118,1.13347983716061
"ERR2851797Aligned.sortedByCoord.out.bam",3.62482355226928,0.866321410150867
"ERR2851798Aligned.sortedByCoord.out.bam",1.41033098690208,-2.05403634641821
"ERR2851799Aligned.sortedByCoord.out.bam",1.40426766110506,12.6261935326719
"ERR2851800Aligned.sortedByCoord.out.bam",-14.5378351490309,1.08738907914364
"ERR2851801Aligned.sortedByCoord.out.bam",-23.145726762162,1.23439528758031
"ERR2851802Aligned.sortedByCoord.out.bam",-21.7890289537349,-2.1475876653225
"ERR2851803Aligned.sortedByCoord.out.bam",1.49446933783458,-0.630360388143338
"ERR2851804Aligned.sortedByCoord.out.bam",10.562592418297,-2.04483666059461
"ERR2851805Aligned.sortedByCoord.out.bam",0.683939064435097,14.0618478934058
"ERR2851806Aligned.sortedByCoord.out.bam",-14.4474356861713,1.28450050319732
"ERR2851809Aligned.sortedByCoord.out.bam",-21.8215168249615,-1.95897637668477
"ERR2851810Aligned.sortedByCoord.out.bam",2.20027728413138,-1.25419350735048
"ERR2851811Aligned.sortedByCoord.out.bam",2.23497142555332,-1.89528165129705
"ERR2851812Aligned.sortedByCoord.out.bam",-19.9043361022292,4.27577166181003
"ERR2851813Aligned.sortedByCoord.out.bam",-14.5820119071748,2.15621210084102
"ERR2851815Aligned.sortedByCoord.out.bam",-22.8466991435584,-2.54760079981565
"ERR2851816Aligned.sortedByCoord.out.bam",3.81635832864969,1.63496238969576
"ERR2851817Aligned.sortedByCoord.out.bam",-16.3712982819081,-1.51862457788794
"ERR2851818Aligned.sortedByCoord.out.bam",-16.7682076276578,-1.53187420343288
"ERR2851819Aligned.sortedByCoord.out.bam",-4.31155059963675,12.6446957605824
"ERR2851821Aligned.sortedByCoord.out.bam",-24.9931731218831,-2.33672542594853
"ERR2851822Aligned.sortedByCoord.out.bam",-21.9150899756517,-1.87864153364941
"ERR2851823Aligned.sortedByCoord.out.bam",3.17571475056123,1.59739542545852
"ERR2851824Aligned.sortedByCoord.out.bam",-15.3763954572977,0.0972157054991106
"ERR2851825Aligned.sortedByCoord.out.bam",-4.76351771464754,11.3875644739011
"ERR2851827Aligned.sortedByCoord.out.bam",-22.6356306815452,-2.83595887412151
"ERR2851828Aligned.sortedByCoord.out.bam",-22.7285104079253,0.929639334108222
"ERR2851829Aligned.sortedByCoord.out.bam",2.8670891397893,3.36860469734965
"ERR2851830Aligned.sortedByCoord.out.bam",-14.6273039768054,0.90105573923615
"ERR2851832Aligned.sortedByCoord.out.bam",-6.96512808652984,-5.29110200014553
"ERR2851833Aligned.sortedByCoord.out.bam",-21.9144082174573,-2.67182241293102
"ERR2851834Aligned.sortedByCoord.out.bam",-22.5674323876007,0.110544558790558
"ERR2851835Aligned.sortedByCoord.out.bam",12.7607588134336,-0.336286266702596
"ERR2851837Aligned.sortedByCoord.out.bam",-7.34511831256523,-5.36943816671594
"ERR2851838Aligned.sortedByCoord.out.bam",-20.2287343677811,2.63676598031811
"ERR2851839Aligned.sortedByCoord.out.bam",-22.6109908749225,-0.101544866515173
"ERR2851840Aligned.sortedByCoord.out.bam",13.7450495466056,-0.805157264412811
"ERR2851842Aligned.sortedByCoord.out.bam",-23.757896058329,1.03926800294225
"ERR2851843Aligned.sortedByCoord.out.bam",-7.03058630475741,-5.30901654165557
"ERR2851844Aligned.sortedByCoord.out.bam",-5.61848651493048,11.3584517763575
"ERR2851845Aligned.sortedByCoord.out.bam",-20.3059144626683,2.41902814575613
"ERR2851846Aligned.sortedByCoord.out.bam",-23.7075692683135,-0.56903692044087
"ERR2851847Aligned.sortedByCoord.out.bam",4.41720672983998,1.22213908669562
"ERR2851848Aligned.sortedByCoord.out.bam",12.4049496887463,-1.29932296224725
"ERR2851849Aligned.sortedByCoord.out.bam",-23.8459977852308,0.195953287240422
"ERR2851850Aligned.sortedByCoord.out.bam",-24.0876136955734,0.698282451916758
"ERR2851851Aligned.sortedByCoord.out.bam",-6.77933936620437,-5.23953099910637
"ERR2851852Aligned.sortedByCoord.out.bam",-15.0323336447938,0.812164641426638
"ERR2851853Aligned.sortedByCoord.out.bam",-21.5581716762779,-2.31773611395921
"ERR2851854Aligned.sortedByCoord.out.bam",-23.7871982467674,-1.09861564190432
"ERR2851855Aligned.sortedByCoord.out.bam",2.04063602740923,12.7509795512402
"ERR2851856Aligned.sortedByCoord.out.bam",13.8630760994227,0.0770104721856833
"ERR2851857Aligned.sortedByCoord.out.bam",-24.3021945841566,-0.11789769878202
"ERR2851859Aligned.sortedByCoord.out.bam",-6.85269918760217,-5.25899051402435
"ERR2851861Aligned.sortedByCoord.out.bam",-24.6585065582576,-2.63412469927975
"ERR2851862Aligned.sortedByCoord.out.bam",-22.5798661371939,-0.745243810705723
"ERR2851863Aligned.sortedByCoord.out.bam",-15.969008483208,-0.61235708902367
"ERR2851864Aligned.sortedByCoord.out.bam",-4.35765495097536,11.765365077515
"ERR2851866Aligned.sortedByCoord.out.bam",0.0137203978189052,4.79668901295508
"ERR2851867Aligned.sortedByCoord.out.bam",1.42984525492711,0.563672415258134
"ERR2851870Aligned.sortedByCoord.out.bam",-4.23209633394556,11.4844663025608
"ERR2851872Aligned.sortedByCoord.out.bam",-1.38908080844933,6.76471756830806
"ERR2851873Aligned.sortedByCoord.out.bam",13.6831627633822,0.417619849415014
"ERR2851876Aligned.sortedByCoord.out.bam",-18.6865827954326,1.71551325797203
"ERR2851878Aligned.sortedByCoord.out.bam",2.77401540333378,4.79333451538306
"ERR2851882Aligned.sortedByCoord.out.bam",-3.26633760689826,-2.28950666374582
"ERR2851883Aligned.sortedByCoord.out.bam",-13.8063915630846,4.49116614451633
"ERR2851885Aligned.sortedByCoord.out.bam",1.90281522249993,5.38269150490406
"ERR2851886Aligned.sortedByCoord.out.bam",-13.6614132891243,4.07865468324851
"ERR2851887Aligned.sortedByCoord.out.bam",-18.4238176395361,-2.3788285690555
"ERR2851889Aligned.sortedByCoord.out.bam",-19.3899831559795,-4.60829196055055
"ERR2851891Aligned.sortedByCoord.out.bam",-3.9882921088964,11.2318455944263
"ERR2851893Aligned.sortedByCoord.out.bam",14.0483744173386,-3.26787987609174
"ERR2851897Aligned.sortedByCoord.out.bam",-0.895279753274929,13.1956428293348
"ERR2851899Aligned.sortedByCoord.out.bam",-13.3020715243358,1.68190240827487
"ERR2851901Aligned.sortedByCoord.out.bam",-0.970686841617525,12.798571918173
"ERR2851903Aligned.sortedByCoord.out.bam",-18.6140764899215,1.65555095557592
"ERR2851906Aligned.sortedByCoord.out.bam",-20.9819509574514,-0.745952483365049
"ERR2851909Aligned.sortedByCoord.out.bam",12.5129964283524,-2.80049524121851
"ERR2851910Aligned.sortedByCoord.out.bam",0.203838630422805,15.5284118351963
"ERR2851911Aligned.sortedByCoord.out.bam",-21.2136276008687,-0.863266671263293
"SLX.12168.N706_S504.C9JGJANXX.s_8.rAligned.sortedByCoord.out.bam",-3.82622260045035,-2.2341075362356
"SLX.12168.N706_S502.C9JGJANXX.s_8.rAligned.sortedByCoord.out.bam",12.5886012966226,-2.34717276642553
"SLX.12168.N706_S503.C9JGJANXX.s_8.rAligned.sortedByCoord.out.bam",14.4755657411033,-0.926699536949445
"SLX.12168.N704_S502.C9JGJANXX.s_8.rAligned.sortedByCoord.out.bam",-13.893757949391,1.91760627820062
"SLX.12168.N705_S517.C9JGJANXX.s_8.rAligned.sortedByCoord.out.bam",-4.32200429114186,11.5193840842283
"SLX.12168.N705_S502.C9JGJANXX.s_8.rAligned.sortedByCoord.out.bam",1.24734042135322,-1.34478445842535
"SLX.12168.N704_S517.C9JGJANXX.s_8.rAligned.sortedByCoord.out.bam",-15.4394947570774,-0.275410057449627
"SLX.12168.N705_S504.C9JGJANXX.s_8.rAligned.sortedByCoord.out.bam",-3.51127228459228,5.9846636395194
"SLX.12168.N703_S517.C9JGJANXX.s_8.rAligned.sortedByCoord.out.bam",-13.2042863232971,1.8064499609709
"SLX.12168.N704_S503.C9JGJANXX.s_8.rAligned.sortedByCoord.out.bam",-3.7580487474046,5.91425001469956
"SLX.12168.N703_S504.C9JGJANXX.s_8.rAligned.sortedByCoord.out.bam",-13.9580624672548,5.40836827441187
"SLX.12168.N703_S503.C9JGJANXX.s_8.rAligned.sortedByCoord.out.bam",-13.5156798698121,2.83831009709205
"SLX.10821.N706_N503.C854JANXX.s_7.rAligned.sortedByCoord.out.bam",-4.00371677181274,4.92906241992243
"SLX.10821.N705_N503.C854JANXX.s_7.rAligned.sortedByCoord.out.bam",-5.77515419525076,6.52678803143947
"SLX.10821.N703_N503.C854JANXX.s_7.rAligned.sortedByCoord.out.bam",-23.326767855878,0.157566815541273
"SLX.12168.N702_S503.C9JGJANXX.s_8.rAligned.sortedByCoord.out.bam",3.61070259458721,5.00323190995513
"SLX.12168.N702_S504.C9JGJANXX.s_8.rAligned.sortedByCoord.out.bam",-13.0085450410672,1.81485136840866
"SLX.10821.N702_N503.C854JANXX.s_7.rAligned.sortedByCoord.out.bam",-4.00218705057335,5.56554584443144
"SLX.10821.N704_N502.C854JANXX.s_7.rAligned.sortedByCoord.out.bam",-10.7666502535371,5.64739831165719
"SLX.10821.N705_N517.C854JANXX.s_7.rAligned.sortedByCoord.out.bam",-23.4506524494394,0.80127683135982
"SLX.10821.N704_N503.C854JANXX.s_7.rAligned.sortedByCoord.out.bam",2.38609076375769,5.19676567372304
"SLX.10821.N701_N502.C854JANXX.s_7.rAligned.sortedByCoord.out.bam",-18.9297298866728,-4.53354681815215
"SLX.12168.N703_S502.C9JGJANXX.s_8.rAligned.sortedByCoord.out.bam",-5.05366304176766,6.33511684558627
"SLX.10821.N706_N504.C854JANXX.s_7.rAligned.sortedByCoord.out.bam",-4.7553545356551,5.43182460731848
"SLX.10821.N706_N502.C854JANXX.s_7.rAligned.sortedByCoord.out.bam",-13.8454343590748,5.19302353344454
"SLX.12168.N701_S517.C9JGJANXX.s_8.rAligned.sortedByCoord.out.bam",-14.9846835829017,0.768550690202745
"SLX.10821.N703_N502.C854JANXX.s_7.rAligned.sortedByCoord.out.bam",-11.7952759711613,4.57718958232851
"SLX.10821.N701_N504.C854JANXX.s_7.rAligned.sortedByCoord.out.bam",-3.18524024082292,3.82473587530712
"SLX.10821.N702_N502.C854JANXX.s_7.rAligned.sortedByCoord.out.bam",-0.810115877409647,11.0703296466108
"SLX.12168.N701_S503.C9JGJANXX.s_8.rAligned.sortedByCoord.out.bam",-2.70728441391828,5.02214827724198
"SLX.12168.N701_S504.C9JGJANXX.s_8.rAligned.sortedByCoord.out.bam",-4.73898308511341,6.74505744571726
"SLX.10821.N705_N502.C854JANXX.s_7.rAligned.sortedByCoord.out.bam",-3.83105700435758,6.14045302130577
"SLX.10821.N703_N504.C854JANXX.s_7.rAligned.sortedByCoord.out.bam",-3.8574214632901,-0.667086629626401
"SLX.12168.N702_S517.C9JGJANXX.s_8.rAligned.sortedByCoord.out.bam",-12.476110496549,1.99546229574182
"SLX.10821.N701_N503.C854JANXX.s_7.rAligned.sortedByCoord.out.bam",-13.3448199766368,2.9702187776924
"SLX.10821.N704_N504.C854JANXX.s_7.rAligned.sortedByCoord.out.bam",-2.7212288151768,4.52914760485678
"SLX.10821.N705_N504.C854JANXX.s_7.rAligned.sortedByCoord.out.bam",-11.9121649526561,4.5435299303052
"SLX.10821.N702_N517.C854JANXX.s_7.rAligned.sortedByCoord.out.bam",-0.758761618488141,5.43856691327627
"SLX.10821.N706_N517.C854JANXX.s_7.rAligned.sortedByCoord.out.bam",-4.53995919741144,6.68755812204487
"SLX.12168.N701_S502.C9JGJANXX.s_8.rAligned.sortedByCoord.out.bam",11.9723697311959,-0.171800950966688
"CME25A7812760Aligned.sortedByCoord.out.bam.1",-3.30144785632039,4.82675617676886
"CME25A7812757Aligned.sortedByCoord.out.bam.1",-3.48585572998542,2.412347886643
"CME25A7812759Aligned.sortedByCoord.out.bam.1",-2.32022168486476,5.78978596116049
"CME25A7812758Aligned.sortedByCoord.out.bam.1",-3.55383454720244,6.06137604599259
"CME25A7812761Aligned.sortedByCoord.out.bam.1",-3.66010853069857,6.06567797182812
"CME25A7812756Aligned.sortedByCoord.out.bam.1",-3.71367290948311,-1.35173156403212
"CME25A7812749Aligned.sortedByCoord.out.bam.1",-2.61563828649876,4.41805910206253
"CME25A7812754Aligned.sortedByCoord.out.bam.1",-2.77912082204937,4.22494728135425
"CME25A7812745Aligned.sortedByCoord.out.bam.1",-3.4047874898676,-1.09926596337296
"CME25A7812755Aligned.sortedByCoord.out.bam.1",-3.0141308824529,3.32478280902469
